,Title,Artist,Album,Popularity,Play Count,Track URL,Acousticness,Danceability,Loudness,Valence,Energy,Liveness,Tempo,Explicit,Instrumentalness,Duration (ms),Genres,Sub_Genre,Main Genre,Release Year
0,Blinding Lights,The Weeknd,Blinding Lights,21,1,https://open.spotify.com/track/0sf12qNH5qcw8qpgymFOqD,0.00147,0.513,-4.075,0.345,0.796,0.0938,171.017,FALSE,0.000209,201573,"canadian contemporary r&b, canadian pop, pop",canadian pop,Pop,2020
1,The Box,Roddy Ricch,Please Excuse Me for Being Antisocial,85,16,https://open.spotify.com/track/0nbXyq5TXYPCO7pr3N8S4I,0.104,0.896,-6.687,0.642,0.586,0.79,116.971,TRUE,0,196653,"melodic rap, rap, trap",rap,Hip-Hop,2020
2,positions,Ariana Grande,positions,2,1,https://open.spotify.com/track/7igeByaBM0MgGsgXtNxDJ7,0.468,0.736,-4.759,0.675,0.802,0.094,144.005,TRUE,0,172325,pop,pop,Pop,2020
3,Say So,Doja Cat,Hot Pink,81,12,https://open.spotify.com/track/3Dv1eDb0MEgF93GpLXlucZ,0.264,0.787,-4.583,0.779,0.673,0.0904,110.962,TRUE,3.35E-06,237893,"dance pop, pop",pop,Pop,2020
4,Watermelon Sugar,Harry Styles,Fine Line,92,12,https://open.spotify.com/track/6UelLqGlWMcVH1E5c4H7lY,0.122,0.548,-4.209,0.557,0.816,0.335,95.39,FALSE,0,174000,pop,pop,Pop,2020
5,cardigan,Taylor Swift,folklore,55,16,https://open.spotify.com/track/4LEK9rD7TWIG4FCL1s27XC,0.537,0.613,-8.588,0.551,0.581,0.25,130.033,FALSE,0.000345,239560,pop,pop,Pop,2020
6,death bed (coffee for your head),Powfu  & beabadoobee,death bed (coffee for your head),84,1,https://open.spotify.com/track/7eJMfftS33KTjuF7lTsMCx,0.731,0.726,-8.765,0.348,0.431,0.696,144.026,FALSE,0,173333,"sad lo-fi, sad rap",sad rap,Hip-Hop,2020
7,ROXANNE,Arizona Zervas,ROXANNE,80,1,https://open.spotify.com/track/696DnlkuDOXcMAnKlTgXXK,0.0522,0.621,-5.616,0.457,0.601,0.46,116.735,TRUE,0,163636,"pop rap, rhode island rap",rhode island rap,Hip-Hop,2020
8,Mood (feat. iann dior),24kGoldn  & iann dior,Mood (feat. iann dior),7,1,https://open.spotify.com/track/3tjFYV6RSFtuktYl3ZtYcq,0.221,0.7,-3.558,0.756,0.722,0.272,90.989,TRUE,0,140526,cali rap,cali rap,Hip-Hop,2020
9,WAP (feat. Megan Thee Stallion),Cardi B  & Megan Thee Stallion,WAP (feat. Megan Thee Stallion),82,1,https://open.spotify.com/track/4Oun2ylbjFKMPTiaSbbCih,0.0194,0.935,-7.509,0.357,0.454,0.0824,133.073,TRUE,0,187541,"pop, rap",rap,Hip-Hop,2020
10,Falling,Trevor Daniel,Nicotine,2,10,https://open.spotify.com/track/2rRJrJEo19S2J82BDsQ3F7,0.123,0.784,-8.756,0.236,0.43,0.0887,127.087,FALSE,0,159382,melodic rap,melodic rap,Hip-Hop,2020
11,everything i wanted,Billie Eilish,everything i wanted,87,1,https://open.spotify.com/track/3ZCTVFBt2Brf31RLEnCkWJ,0.902,0.704,-14.454,0.243,0.225,0.106,120.006,FALSE,0.657,245426,"art pop, electropop, pop",electropop,Pop,2020
12,ROCKSTAR (feat. Roddy Ricch),DaBaby  & Roddy Ricch,BLAME IT ON BABY,81,13,https://open.spotify.com/track/7ytR5pFWmSjzHJIeQkgog4,0.247,0.746,-7.956,0.497,0.69,0.101,89.977,TRUE,0,181733,"hip hop, north carolina hip hop, rap, trap",north carolina hip hop,Hip-Hop,2020
13,DÁKITI,Bad Bunny  & Jhayco,DÁKITI,84,1,https://open.spotify.com/track/47EiUVwUp4C9fGccaPuUCS,0.401,0.731,-10.059,0.145,0.573,0.113,109.928,TRUE,5.22E-05,205090,"reggaeton, trap latino, urbano latino",trap latino,Hip-Hop,2020
14,Dynamite,BTS,Dynamite,0,2,https://open.spotify.com/track/0v1x6rN6JHRapa03JElljE,0.0112,0.746,-4.41,0.737,0.765,0.0936,114.044,FALSE,0,199054,"k-pop, k-pop boy group, pop",k-pop boy group,K-Pop,2020
15,Rain On Me (with Ariana Grande),Lady Gaga  & Ariana Grande,Rain On Me (with Ariana Grande),75,1,https://open.spotify.com/track/24ySl2hOPGCDcxBxFIqWBu,0.021,0.672,-3.764,0.646,0.855,0.323,123.056,FALSE,0,182200,"art pop, dance pop, pop",dance pop,Pop,2020
16,Sunday Best,Surfaces,Where the Light Is,79,10,https://open.spotify.com/track/1Cv1YLb4q0RzL6pybtaMLo,0.183,0.878,-6.832,0.694,0.525,0.0714,112.022,FALSE,0,158571,bedroom soul,bedroom soul,Soul,2020
17,Blueberry Faygo,Lil Mosey,Certified Hitmaker,78,15,https://open.spotify.com/track/22LAwLoDA5b4AaGSkg6bKW,0.207,0.774,-7.909,0.349,0.554,0.132,99.034,TRUE,0,162547,"melodic rap, rap conscient",rap conscient,Hip-Hop,2020
18,Stuck with U (with Justin Bieber),Ariana Grande  & Justin Bieber,Stuck with U,83,1,https://open.spotify.com/track/4HBZA5flZLE435QTztThqH,0.223,0.597,-6.658,0.537,0.45,0.382,178.765,FALSE,0,228482,pop,pop,Pop,2020
19,august,Taylor Swift,folklore,90,16,https://open.spotify.com/track/3hUxzQpSfdDqwM3ZTFQY0K,0.538,0.532,-9.208,0.403,0.623,0.0925,89.937,FALSE,7.28E-05,261923,pop,pop,Pop,2020
20,Heather,Conan Gray,Kid Krow,89,12,https://open.spotify.com/track/4xqrdfXkTW4T0RauPLv3WA,0.584,0.357,-7.301,0.27,0.425,0.322,102.078,FALSE,0,198040,"bedroom pop, pop, pov: indie",pop,Pop,2020
21,"Lemonade (feat. Gunna, Don Toliver & NAV)",Internet Money  & Gunna  & Don Toliver  & NAV,B4 The Storm,55,17,https://open.spotify.com/track/2DQNYMRjisN3KAPj1bEwOI,0.25,0.8,-6.142,0.462,0.658,0.111,140.042,TRUE,0,195429,pop rap,pop rap,Hip-Hop,2020
22,What You Know Bout Love,Pop Smoke,Shoot For The Stars Aim For The Moon,83,19,https://open.spotify.com/track/1tkg4EHVoqnhR6iFEXb60y,0.65,0.709,-8.493,0.543,0.548,0.133,83.995,TRUE,1.59E-06,160000,"brooklyn drill, rap",rap,Hip-Hop,2020
23,Godzilla (feat. Juice WRLD),Eminem  & Juice WRLD,Music To Be Murdered By,85,20,https://open.spotify.com/track/7FIWs0pqAYbP91WWM0vlTQ,0.145,0.808,-5.26,0.829,0.745,0.292,165.995,TRUE,0,210800,"detroit hip hop, hip hop, rap",hip hop,Hip-Hop,2020
24,Life Is Good (feat. Drake),Future  & Drake,High Off Life,76,21,https://open.spotify.com/track/1K5KBOgreBi5fkEHvg5ap3,0.067,0.795,-6.903,0.537,0.574,0.15,142.053,TRUE,0,237918,"atl hip hop, hip hop, rap, southern hip hop, trap",hip hop,Hip-Hop,2020
25,Intentions (feat. Quavo),Justin Bieber  & Quavo,Changes,78,17,https://open.spotify.com/track/4umIPjkehX1r7uhmGvXiSV,0.3,0.806,-6.637,0.874,0.546,0.102,147.986,FALSE,0,212867,"canadian pop, pop",pop,Pop,2020
26,No Idea,Don Toliver,Heaven Or Hell,83,12,https://open.spotify.com/track/7AzlLxHn24DxjgQX73F9fU,0.524,0.652,-5.718,0.35,0.631,0.165,127.998,FALSE,0.000579,154424,"rap, trap",trap,Hip-Hop,2020
27,Roses - Imanbek Remix,SAINt JHN  & Imanbek,Roses (Imanbek Remix),61,1,https://open.spotify.com/track/2Wo6QQD1KMDWeFkkjLqwx5,0.0149,0.785,-5.457,0.894,0.721,0.285,121.962,TRUE,0.00432,176219,"melodic rap, slap house",slap house,Hip-Hop,2020
28,Come & Go (with Marshmello),Juice WRLD  & Marshmello,Come & Go (with Marshmello),62,1,https://open.spotify.com/track/4Lxseh0wN7N0ljiOh8KwbU,0.0173,0.625,-5.183,0.532,0.811,0.16,144.994,TRUE,0,205485,"chicago rap, melodic rap, rap",melodic rap,Hip-Hop,2020
29,UN DIA (ONE DAY) (Feat. Tainy),J Balvin  & Dua Lipa  & Bad Bunny  & Tainy,UN DIA (ONE DAY) (Feat. Tainy),75,1,https://open.spotify.com/track/0EhpEsp4L0oRGM0vmeaN5e,0.00536,0.571,-8.234,0.393,0.693,0.173,168.169,FALSE,0,232253,"reggaeton, reggaeton colombiano, trap latino, urbano latino",reggaeton colombiano,Reggaeton,2020
30,Monster (Shawn Mendes & Justin Bieber),Shawn Mendes  & Justin Bieber,Monster,73,1,https://open.spotify.com/track/2Z8yfpFX0ZMavHkcIeHiO1,0.0676,0.652,-7.076,0.549,0.383,0.0828,145.765,FALSE,0,178994,"canadian pop, pop, viral pop",pop,Pop,2020
31,you broke me first,Tate McRae,you broke me first,85,1,https://open.spotify.com/track/45bE4HXI0AwGZXfZtMp8JR,0.785,0.667,-9.389,0.0823,0.373,0.0906,124.148,TRUE,0,169266,"alt z, pop",pop,Pop,2020
32,Break My Heart,Dua Lipa,Break My Heart,68,1,https://open.spotify.com/track/1raaNykBg1bDnWENUiglUA,0.167,0.73,-3.434,0.467,0.729,0.349,113.012,FALSE,1.39E-06,221820,"dance pop, pop, uk pop",pop,Pop,2020
33,Party Girl,StaySolidRocky,Party Girl,75,1,https://open.spotify.com/track/5RqR4ZCCKJDcBLIn4sih9l,0.749,0.728,-9.966,0.629,0.431,0.0996,130.022,FALSE,0,147800,melodic rap,melodic rap,Hip-Hop,2020
34,For The Night (feat. Lil Baby & DaBaby),Pop Smoke  & Lil Baby  & DaBaby,Shoot For The Stars Aim For The Moon,82,19,https://open.spotify.com/track/0PvFJmanyNQMseIFrU708S,0.114,0.823,-6.606,0.347,0.586,0.193,125.971,TRUE,0,190476,"brooklyn drill, rap",rap,Hip-Hop,2020
35,HIGHEST IN THE ROOM,Travis Scott,HIGHEST IN THE ROOM,86,1,https://open.spotify.com/track/3eekarcy7kvN4yt5ZFzltW,0.0546,0.598,-8.764,0.0605,0.427,0.21,76.469,TRUE,5.83E-06,175721,"hip hop, rap, slap house",rap,Hip-Hop,2020
36,Adore You,Harry Styles,Fine Line,88,12,https://open.spotify.com/track/3jjujdWJ72nww5eGnfs2E7,0.0237,0.676,-3.675,0.569,0.771,0.102,99.048,FALSE,7.00E-06,207133,pop,pop,Pop,2020
37,Supalonely (feat. Gus Dapperton),BENEE  & Gus Dapperton,Hey u x,64,13,https://open.spotify.com/track/3GZoWLVbmxcBys6g0DLFLf,0.291,0.862,-4.746,0.841,0.631,0.123,128.978,TRUE,0.000209,223488,"alt z, nz pop",nz pop,Pop,2020
38,ily (i love you baby) (feat. Emilee),Surf Mesa  & Emilee,ily (i love you baby) (feat. Emilee),80,1,https://open.spotify.com/track/62aP9fBQKYKxi7PDXwcUAS,0.0686,0.674,-7.567,0.33,0.774,0.393,112.05,FALSE,0.00188,176547,pop edm,pop edm,Pop,2020
39,Rare,Selena Gomez,Rare,66,13,https://open.spotify.com/track/7HMmFQsKsljwTw8bS7lu19,0.208,0.838,-6.713,0.631,0.545,0.103,114.998,FALSE,8.01E-05,220590,"pop, post-teen pop",post-teen pop,Pop,2020
40,If the World Was Ending (feat. Julia Michaels),JP Saxe  & Julia Michaels,If the World Was Ending (feat. Julia Michaels),80,1,https://open.spotify.com/track/2kJwzbxV2ppxnQoYw4GLBZ,0.866,0.464,-10.086,0.604,0.473,0.109,75.801,FALSE,0,208687,"alt z, canadian contemporary r&b, singer-songwriter pop",canadian contemporary r&b,R&B,2020
41,Holy (feat. Chance The Rapper),Justin Bieber  & Chance the Rapper,Holy,74,1,https://open.spotify.com/track/5u1n1kITHCxxp8twBcZxWy,0.196,0.673,-8.056,0.372,0.704,0.0898,86.919,FALSE,0,212093,"canadian pop, pop",pop,Pop,2020
42,Ride It,Regard,Ride It,83,1,https://open.spotify.com/track/2tnVG71enUj33Ic2nFN6kZ,0.177,0.88,-4.258,0.884,0.751,0.106,117.948,FALSE,6.43E-05,157606,"pop dance, pop edm, slap house, uk dance",pop edm,Pop,2020
43,Savage Love (Laxed - Siren Beat),Jawsh 685  & Jason Derulo,Savage Love (Laxed - Siren Beat),78,1,https://open.spotify.com/track/1xQ6trAsedVPCdbtDAmk0c,0.234,0.767,-8.52,0.761,0.481,0.269,150.076,TRUE,0,171375,nz pop,nz pop,Pop,2020
44,Prisoner (feat. Dua Lipa),Miley Cyrus  & Dua Lipa,Prisoner (feat. Dua Lipa),4,1,https://open.spotify.com/track/5JqZ3oqF00jkT81foAFvqg,0.0103,0.781,-3.912,0.595,0.67,0.0761,127.99,FALSE,0,169333,pop,pop,Pop,2020
45,Savage Remix (feat. Beyoncé),Megan Thee Stallion  & Beyoncé,Savage Remix (feat. Beyoncé),70,1,https://open.spotify.com/track/5v4GgrXPMghOnBBLmveLac,0.016,0.822,-4.772,0.636,0.743,0.127,84.459,TRUE,0,242001,"houston rap, pop, rap, trap queen",pop,Pop,2020
46,Toosie Slide,Drake,Toosie Slide,76,1,https://open.spotify.com/track/127QTOFJsJQp5LbJbu3A1y,0.321,0.834,-9.75,0.837,0.454,0.114,81.618,TRUE,6.15E-06,247059,"canadian hip hop, canadian pop, hip hop, rap, toronto rap",canadian pop,Pop,2020
47,After Hours,The Weeknd,After Hours,88,14,https://open.spotify.com/track/2p8IUWQDrpjuFltbdgLOag,0.0811,0.664,-6.099,0.143,0.572,0.121,108.959,FALSE,0.00604,361027,"canadian contemporary r&b, canadian pop, pop",canadian pop,Pop,2020
48,POPSTAR (feat. Drake),DJ Khaled  & Drake,POPSTAR (feat. Drake),76,1,https://open.spotify.com/track/6EDO9iiTtwNv6waLwa1UUq,0.057,0.8,-4.818,0.45,0.56,0.134,163.071,TRUE,0,200221,"hip hop, miami hip hop, pop rap, rap",miami hip hop,Hip-Hop,2020
49,How You Like That,BLACKPINK,How You Like That,1,1,https://open.spotify.com/track/3vAn0qZzdyuHamcrpkfiX3,0.0694,0.828,-4.014,0.351,0.782,0.0544,130.013,FALSE,3.41E-05,181264,"k-pop, k-pop girl group, pop",k-pop girl group,K-Pop,2020
50,Midnight Sky,Miley Cyrus,Midnight Sky,5,1,https://open.spotify.com/track/27ycaQnQAxaPiyeg3nr2aB,0.00115,0.705,-5.466,0.259,0.814,0.203,110,FALSE,0.00312,223279,pop,pop,Pop,2020
51,Yummy,Justin Bieber,Yummy,69,1,https://open.spotify.com/track/41L3O37CECZt3N7ziG2z7l,0.366,0.687,-6.612,0.494,0.514,0.116,145.921,FALSE,0,210427,"canadian pop, pop",pop,Pop,2020
52,Don't Start Now,Dua Lipa,Don't Start Now,80,1,https://open.spotify.com/track/6WrI0LAC5M1Rw2MnX2ZvEg,0.0125,0.794,-4.521,0.677,0.793,0.0952,123.941,FALSE,0,183290,"dance pop, pop, uk pop",pop,Pop,2020
53,Circles,Post Malone,Hollywood's Bleeding,90,17,https://open.spotify.com/track/21jGcNKet2qwijlDFuPiPb,0.192,0.695,-3.497,0.553,0.762,0.0863,120.042,FALSE,0.00244,215280,"dfw rap, melodic rap, pop, rap",melodic rap,Hip-Hop,2020
54,Before You Go,Lewis Capaldi,Divinely Uninspired To A Hellish Extent (Extended Edition),88,15,https://open.spotify.com/track/2gMXnyrvIjhVBUZwvLZDMP,0.604,0.459,-4.858,0.183,0.575,0.0885,111.881,FALSE,0,215107,"pop, uk pop",uk pop,Pop,2020
55,You should be sad,Halsey,Manic,74,16,https://open.spotify.com/track/7lidXGPXPYLNThITAOTlkK,0.143,0.591,-6.35,0.324,0.585,0.109,110.94,TRUE,0,205473,"electropop, etherpop, indie poptimism, pop",etherpop,Pop,2020
56,Dance Monkey,Tones And I,Dance Monkey,65,1,https://open.spotify.com/track/1rgnBhdG2JDFTbYkYRZAku,0.688,0.826,-6.401,0.541,0.593,0.17,98.083,FALSE,0.000161,209755,australian pop,australian pop,Pop,2020
57,Memories,Maroon 5,Memories,31,1,https://open.spotify.com/track/2b8fOow8UzyDFAE27YhOZM,0.837,0.764,-7.209,0.575,0.32,0.0822,91.019,FALSE,0,189486,pop,pop,Pop,2020
58,Therefore I Am,Billie Eilish,Therefore I Am,76,1,https://open.spotify.com/track/54bFM56PmE4YLRnqpW6Tha,0.218,0.889,-7.773,0.716,0.34,0.055,94.009,FALSE,0.13,174321,"art pop, electropop, pop",electropop,Pop,2020
59,That Way - Bonus Track,Lil Uzi Vert,Eternal Atake,65,18,https://open.spotify.com/track/2ajzBr7vwHTEBeqDzcsNRC,0.0546,0.712,-5.368,0.504,0.598,0.154,130.007,TRUE,0,212354,"melodic rap, philly rap, rage rap, rap, trap",philly rap,Hip-Hop,2020
60,34+35,Ariana Grande,Positions,81,14,https://open.spotify.com/track/6Im9k8u9iIzKMrmV7BWtlF,0.237,0.83,-6.476,0.485,0.585,0.248,109.978,TRUE,0,173711,pop,pop,Pop,2020
61,Levitating (feat. DaBaby),Dua Lipa  & DaBaby,Levitating (feat. DaBaby),77,1,https://open.spotify.com/track/463CkQjx2Zk1yXoBuierM9,0.00883,0.702,-3.787,0.915,0.825,0.0674,102.977,FALSE,0,203064,"dance pop, pop, uk pop",pop,Pop,2020
62,THE SCOTTS,THE SCOTTS  & Travis Scott  & Kid Cudi,THE SCOTTS,78,1,https://open.spotify.com/track/39Yp9wwQiSRIDOvrVg7mbk,0.233,0.716,-7.648,0.28,0.537,0.157,129.979,TRUE,0,165978,viral rap,viral rap,Hip-Hop,2020
63,"WHATS POPPIN (feat. DaBaby, Tory Lanez & Lil Wayne) - Remix",Jack Harlow  & Tory Lanez  & DaBaby  & Lil Wayne,"WHATS POPPIN (feat. DaBaby, Tory Lanez & Lil Wayne) [Remix]",76,1,https://open.spotify.com/track/2MbdDtCv5LUVjYy9RuGTgC,0.0631,0.904,-5.224,0.835,0.723,0.185,145.013,TRUE,0,227478,"deep underground hip hop, kentucky hip hop, pop rap, rap",kentucky hip hop,Hip-Hop,2020
64,Breaking Me,Topic  & A7S,Breaking Me,79,1,https://open.spotify.com/track/3H7ihDc1dqLriiWXwsc2po,0.223,0.789,-5.652,0.664,0.72,0.129,122.031,FALSE,0,166794,"german dance, pop dance, pop edm, uk dance",pop dance,Pop,2020
65,Head & Heart (feat. MNEK),Joel Corry  & MNEK,Head & Heart (feat. MNEK),82,1,https://open.spotify.com/track/6cx06DFPPHchuUAcTxznu9,0.168,0.734,-3.158,0.905,0.874,0.0489,122.953,FALSE,1.14E-05,166028,"dance pop, pop dance, uk dance",pop dance,Pop,2020
66,Put Your Records On,Ritt Momney,Put Your Records On,77,1,https://open.spotify.com/track/6AGOKlMZWLCaEJGnaROtF9,0.0563,0.399,-10.778,0.151,0.491,0.11,91.066,FALSE,0.00089,210463,bedroom pop,bedroom pop,Pop,2020
67,Mood Swings (feat. Lil Tjay),Pop Smoke  & Lil Tjay,Shoot For The Stars Aim For The Moon,80,19,https://open.spotify.com/track/5rZlwNFl01HqLWBQGryKSm,0.487,0.48,-6.335,0.269,0.602,0.0848,179.798,TRUE,0,213333,"brooklyn drill, rap",rap,Hip-Hop,2020
68,Laugh Now Cry Later (feat. Lil Durk),Drake  & Lil Durk,Laugh Now Cry Later (feat. Lil Durk),82,1,https://open.spotify.com/track/2SAqBLGA283SUiwJ3xOUVI,0.244,0.761,-8.871,0.522,0.518,0.107,133.976,TRUE,3.47E-05,261493,"canadian hip hop, canadian pop, hip hop, rap, toronto rap",canadian pop,Pop,2020
69,In Your Eyes,The Weeknd,After Hours,81,14,https://open.spotify.com/track/7szuecWAPwGoV1e5vGu8tl,0.00285,0.667,-5.371,0.717,0.719,0.0736,100.021,TRUE,8.10E-05,237520,"canadian contemporary r&b, canadian pop, pop",canadian pop,Pop,2020
70,my ex's best friend (with blackbear),Machine Gun Kelly  & blackbear,my ex's best friend (with blackbear),1,1,https://open.spotify.com/track/70rFIfYN7lU6iTgUIVP42w,0.00391,0.728,-5.096,0.33,0.685,0.152,124.934,TRUE,0,138970,"ohio hip hop, pop rap",pop rap,Hip-Hop,2020
71,ON (Feat. Sia),BTS  & Sia,MAP OF THE SOUL : 7,0,20,https://open.spotify.com/track/3IB5qOeMayvpOdHxYCL5tZ,0.137,0.591,-4.397,0.386,0.848,0.372,105.922,FALSE,0,246816,"k-pop, k-pop boy group, pop",k-pop boy group,K-Pop,2020
72,MAMACITA,Black Eyed Peas  & Ozuna  & J. Rey Soul,MAMACITA,71,1,https://open.spotify.com/track/14wf185UxfNbSy8dwt4r4q,0.193,0.894,-6.929,0.428,0.635,0.0823,105.013,TRUE,0.00105,249143,"dance pop, pop, pop rap",pop,Pop,2020
73,Tusa,KAROL G  & Nicki Minaj,Tusa,79,1,https://open.spotify.com/track/7k4t7uLgtOxPwTpFmtJNTY,0.295,0.803,-3.28,0.574,0.715,0.0574,101.085,FALSE,0.000134,200960,"reggaeton, reggaeton colombiano, trap latino, urbano latino",reggaeton colombiano,Reggaeton,2020
74,Be Kind (with Halsey),Marshmello  & Halsey,Be Kind (with Halsey),77,1,https://open.spotify.com/track/3Z8FwOEN59mRMxDCtb8N0A,0.00776,0.63,-7.088,0.452,0.633,0.0541,93.995,FALSE,0,172762,"brostep, edm, pop, progressive electro house",edm,EDM,2020
75,Someone You Loved,Lewis Capaldi,Divinely Uninspired To A Hellish Extent,92,12,https://open.spotify.com/track/7qEHsqek33rTcFNT9PFqLf,0.751,0.501,-5.679,0.446,0.405,0.105,109.891,FALSE,0,182161,"pop, uk pop",uk pop,Pop,2020
76,Past Life (with Selena Gomez),Trevor Daniel  & Selena Gomez,Past Life (with Selena Gomez),65,1,https://open.spotify.com/track/7MN8RYSofZsFROBlEOAzXq,0.102,0.575,-5.062,0.283,0.543,0.176,159.905,FALSE,0,186480,melodic rap,melodic rap,Hip-Hop,2020
77,Lonely (with benny blanco),Justin Bieber  & benny blanco,Lonely (with benny blanco),73,1,https://open.spotify.com/track/4y4spB9m0Q6026KfkAvy9Q,0.864,0.631,-7.071,0.0927,0.239,0.116,79.859,TRUE,0,149297,"canadian pop, pop",pop,Pop,2020
78,Physical,Dua Lipa,Future Nostalgia,79,11,https://open.spotify.com/track/3AzjcOeAmA57TIOr9zF1ZW,0.0137,0.647,-3.756,0.746,0.844,0.102,146.967,FALSE,0.000658,193829,"dance pop, pop, uk pop",pop,Pop,2020
79,July,Noah Cyrus,THE END OF EVERYTHING,82,8,https://open.spotify.com/track/6J2LdBN97cDWn0MLxYh9HB,0.868,0.708,-8.953,0.322,0.186,0.0779,72.541,FALSE,0,156106,"alt z, pop",pop,Pop,2020
80,Hawái,Maluma,PAPI JUANCHO,82,22,https://open.spotify.com/track/1yoMvmasuxZfqHEipJhRbp,0.185,0.783,-3.454,0.558,0.727,0.0626,180.067,FALSE,2.46E-05,199112,"latin pop, reggaeton, reggaeton colombiano, trap latino, urbano latino",reggaeton,Reggaeton,2020
81,RITMO (Bad Boys For Life),Black Eyed Peas  & J Balvin,Translation,50,15,https://open.spotify.com/track/4NCsrTzgVfsDo8nWyP8PPc,0.0259,0.723,-7.088,0.684,0.704,0.792,105.095,TRUE,0.00109,214935,"dance pop, pop, pop rap",pop,Pop,2020
82,Sour Candy (with BLACKPINK),Lady Gaga  & BLACKPINK,Sour Candy (with BLACKPINK),71,1,https://open.spotify.com/track/6R6ZoHTypt5lt68MWbzZXv,0.0604,0.752,-3.812,0.784,0.87,0.489,120.006,FALSE,1.12E-05,157707,"art pop, dance pop, pop",dance pop,Pop,2020
83,Wishing Well,Juice WRLD,Legends Never Die,12,21,https://open.spotify.com/track/6o3QUC5oAE4g6WxRIFcZtb,0.00336,0.65,-6.13,0.0804,0.613,0.267,149.972,TRUE,0,194621,"chicago rap, melodic rap, rap",melodic rap,Hip-Hop,2020
84,Play Date,Melanie Martinez,Cry Baby (Deluxe Edition),81,16,https://open.spotify.com/track/4DpNNXFMMxQEKl7r0ykkWA,0.612,0.68,-5.077,0.446,0.729,0.224,123.97,TRUE,0,179867,"alt z, electropop, pop",electropop,Pop,2020
85,Know Your Worth,Khalid  & Disclosure,Know Your Worth,72,1,https://open.spotify.com/track/0TrPqhAMoaKUFLR7iYDokf,0.145,0.79,-7.726,0.508,0.694,0.281,103.007,FALSE,0.00252,181436,"pop, pop r&b",pop r&b,R&B,2020
86,Sunflower - Spider-Man: Into the Spider-Verse,Post Malone  & Swae Lee,Hollywood's Bleeding,88,17,https://open.spotify.com/track/0RiRZpuVRbi7oqRdSMwhQY,0.533,0.755,-4.368,0.925,0.522,0.0685,89.96,FALSE,0,157560,"dfw rap, melodic rap, pop, rap",melodic rap,Hip-Hop,2020
87,Ice Cream (with Selena Gomez),BLACKPINK  & Selena Gomez,Ice Cream (with Selena Gomez),68,1,https://open.spotify.com/track/2J4P46vCFm1rPkNkp9pZWX,0.0342,0.79,-3.843,0.904,0.729,0.0411,159.989,FALSE,9.31E-05,175813,"k-pop, k-pop girl group, pop",k-pop girl group,K-Pop,2020
88,bad guy,Billie Eilish,"WHEN WE ALL FALL ASLEEP, WHERE DO WE GO?",86,14,https://open.spotify.com/track/2Fxmhks0bxGSBdJ92vM42m,0.328,0.701,-10.965,0.562,0.425,0.1,135.128,FALSE,0.13,194088,"art pop, electropop, pop",electropop,Pop,2020
89,Go Crazy,Chris Brown  & Young Thug,Slime & B,79,13,https://open.spotify.com/track/1IIKrJVP1C9N7iPtG6eOsK,0.316,0.755,-8.932,0.581,0.578,0.25,94.148,TRUE,0,176960,"r&b, rap",rap,Hip-Hop,2020
90,Wonder,Shawn Mendes,Wonder,74,1,https://open.spotify.com/track/5KCbr5ndeby4y4ggthdiAb,0.131,0.333,-4.904,0.132,0.637,0.149,139.898,FALSE,1.80E-05,172693,"canadian pop, pop, viral pop",pop,Pop,2020
91,TKN (feat. Travis Scott),ROSALÍA  & Travis Scott,TKN (feat. Travis Scott),75,1,https://open.spotify.com/track/4w47S36wQGBhGg073q3nt7,0.192,0.776,-6.266,0.485,0.509,0.115,94.634,FALSE,1.49E-06,129371,"pop, r&b en espanol",r&b en espanol,R&B,2020
92,BELIEVE IT,PARTYNEXTDOOR  & Rihanna,PARTYMOBILE,8,15,https://open.spotify.com/track/4HDCLYli2SUdkq9OjmvhSD,0.0902,0.43,-5.35,0.731,0.7,0.216,158.373,TRUE,0,183219,"r&b, rap, toronto rap, urban contemporary",rap,Hip-Hop,2020
93,What A Man Gotta Do,Jonas Brothers,What A Man Gotta Do,76,1,https://open.spotify.com/track/4wNIkl5XGiAACjFBlDWuSd,0.00839,0.852,-7.206,0.324,0.698,0.0773,113.039,FALSE,1.03E-06,180645,"boy band, pop",pop,Pop,2020
94,Lovesick Girls,BLACKPINK,THE ALBUM,76,8,https://open.spotify.com/track/4Ws314Ylb27BVsvlZOy30C,0.00559,0.654,-5.661,0.448,0.707,0.0873,127.97,FALSE,0,194765,"k-pop, k-pop girl group, pop",k-pop girl group,K-Pop,2020
95,Stupid Love,Lady Gaga,Stupid Love,34,1,https://open.spotify.com/track/2kJu14V7hbZw3I4K8L8SXb,0.00146,0.676,-4.294,0.796,0.815,0.275,117.973,FALSE,0.00041,193531,"art pop, dance pop, pop",dance pop,Pop,2020
96,Safaera,Bad Bunny  & Jowell & Randy  & Ñengo Flow,YHLQMDLG,80,20,https://open.spotify.com/track/2DEZmgHKAvm41k4J3R2E9Y,0.0103,0.607,-4.074,0.685,0.829,0.107,96.172,TRUE,0,295177,"reggaeton, trap latino, urbano latino",trap latino,Hip-Hop,2020
97,Take You Dancing,Jason Derulo,Take You Dancing,79,1,https://open.spotify.com/track/59qrUpoplZxbIZxk6X0Bm3,0.0332,0.789,-4.248,0.753,0.711,0.0876,112.985,FALSE,0,190306,"dance pop, pop",pop,Pop,2020
98,Good News,Mac Miller,Circles,76,12,https://open.spotify.com/track/1DWZUa5Mzf2BwzpHtgbHPY,0.853,0.794,-12.92,0.241,0.32,0.112,174.088,FALSE,0.134,342040,"hip hop, pittsburgh rap, rap",pittsburgh rap,Hip-Hop,2020
99,my future,Billie Eilish,my future,73,1,https://open.spotify.com/track/2ygvZOXrIeVL4xZmAWJT2C,0.795,0.444,-10.956,0.0875,0.309,0.352,104.745,FALSE,0.132,208155,"art pop, electropop, pop",electropop,Pop,2020
100,Señorita,Shawn Mendes  & Camila Cabello,Shawn Mendes (Deluxe),83,16,https://open.spotify.com/track/6v3KW9xbzN5yKLt9YKDYA2,0.0392,0.759,-6.049,0.749,0.548,0.0828,116.967,FALSE,0,190800,"canadian pop, pop, viral pop",pop,Pop,2020
101,I’m Ready (with Demi Lovato),Sam Smith  & Demi Lovato,I’m Ready (with Demi Lovato),61,1,https://open.spotify.com/track/1fipvP2zmef6vN2IwXfJhY,0.00346,0.501,-6.363,0.152,0.674,0.282,155.051,FALSE,3.56E-05,200838,"pop, uk pop",uk pop,Pop,2020
102,HOLIDAY,Lil Nas X,HOLIDAY,75,1,https://open.spotify.com/track/6zFMeegAMYQo0mt8rXtrli,0.12,0.81,-6.924,0.837,0.511,0.0832,151.947,TRUE,0,154998,lgbtq+ hip hop,lgbtq+ hip hop,Hip-Hop,2020
103,goosebumps,Travis Scott,Birds In The Trap Sing McKnight,88,14,https://open.spotify.com/track/6gBFPUFcJLzWGx4lenP6h2,0.0847,0.841,-3.37,0.43,0.728,0.149,130.049,TRUE,0,243837,"hip hop, rap, slap house",rap,Hip-Hop,2020
104,motive (with Doja Cat),Ariana Grande  & Doja Cat,Positions,78,14,https://open.spotify.com/track/5GkQIP5mWPi4KZLLXeuFTT,0.0681,0.789,-5.664,0.661,0.742,0.166,116.965,TRUE,0,167990,pop,pop,Pop,2020
105,Afterglow,Ed Sheeran,Afterglow,75,1,https://open.spotify.com/track/0E4Y1XIbs8GrAT1YqVy6dq,0.698,0.641,-5.851,0.273,0.324,0.328,110.184,FALSE,0,185487,"pop, singer-songwriter pop, uk pop",singer-songwriter pop,Pop,2020
106,Diamonds,Sam Smith,Diamonds,67,1,https://open.spotify.com/track/5hvwx5i67IwnCkjl9VHkNv,0.154,0.653,-6.764,0.556,0.667,0.107,104.181,FALSE,0,213869,"pop, uk pop",uk pop,Pop,2020
107,Yo Perreo Sola,Bad Bunny,YHLQMDLG,78,20,https://open.spotify.com/track/0SqqAgdovOE24BzxIClpjw,0.021,0.86,-5.16,0.453,0.758,0.344,97.014,TRUE,6.54E-05,172127,"reggaeton, trap latino, urbano latino",trap latino,Hip-Hop,2020
108,Lucid Dreams,Juice WRLD,Goodbye & Good Riddance,87,17,https://open.spotify.com/track/285pBltuF7vW8TeWk8hdRR,0.349,0.511,-7.23,0.218,0.566,0.34,83.903,TRUE,0,239836,"chicago rap, melodic rap, rap",melodic rap,Hip-Hop,2020
109,Nobody's Love,Maroon 5,Nobody's Love,14,1,https://open.spotify.com/track/3kwgqoBqTwoAH4nT29TYrq,0.31,0.486,-6.456,0.154,0.567,0.0949,93.68,FALSE,0,211254,pop,pop,Pop,2020
110,Level of Concern,Twenty One Pilots,Level of Concern,69,1,https://open.spotify.com/track/6xZ4Q2k2ompmDppyeESIY8,0.32,0.754,-7.34,0.77,0.583,0.144,122.012,FALSE,0.00015,220051,"modern rock, pop, pov: indie, rock",pop,Pop,2020
111,Better,ZAYN,Better,59,1,https://open.spotify.com/track/1dLXLETYiZohIZWnse4ypG,0.353,0.637,-7.137,0.0807,0.418,0.131,84.295,FALSE,0,174517,"pop, uk pop",uk pop,Pop,2020
112,Over Now (with The Weeknd),Calvin Harris  & The Weeknd,Over Now (with The Weeknd),72,1,https://open.spotify.com/track/58AGoOGbwsQMhBbH0eFLRR,0.0759,0.612,-4.113,0.679,0.884,0.247,178.043,TRUE,0.00132,210795,"dance pop, edm, electro house, house, pop, progressive house, uk dance",edm,EDM,2020
113,Lose Somebody,Kygo  & OneRepublic,Lose Somebody,68,1,https://open.spotify.com/track/7xbWAw3LMgRMn4omR5yVn3,0.344,0.58,-6.883,0.507,0.586,0.0755,147.988,FALSE,0,199549,"edm, pop, pop dance, tropical house",pop,Pop,2020
114,OK Not To Be OK,Marshmello  & Demi Lovato,OK Not To Be OK,71,1,https://open.spotify.com/track/0zzVTGyRrWpQu8Fr28NRAv,0.0172,0.743,-5.025,0.263,0.837,0.0743,103.072,FALSE,0,159863,"brostep, edm, pop, progressive electro house",edm,EDM,2020
115,Daisies,Katy Perry,Daisies,62,1,https://open.spotify.com/track/4uqh9bualXNHXXwO2wPorc,0.0837,0.639,-5.382,0.149,0.546,0.122,122.179,FALSE,0,173124,pop,pop,Pop,2020
116,SICKO MODE,Travis Scott,ASTROWORLD,87,17,https://open.spotify.com/track/2xLMifQCjDGFmkHkpNLD9h,0.00513,0.834,-3.714,0.446,0.73,0.124,155.008,TRUE,0,312820,"hip hop, rap, slap house",rap,Hip-Hop,2020
117,No Time To Die,Billie Eilish,No Time To Die,80,1,https://open.spotify.com/track/73SpzrcaHk0RQPFP73vqVR,0.917,0.38,-13.273,0.0517,0.219,0.0827,73.537,FALSE,0.0104,242265,"art pop, electropop, pop",electropop,Pop,2020
118,Runnin,21 Savage  & Metro Boomin,SAVAGE MODE II,86,15,https://open.spotify.com/track/5SWnsxjhdcEDc7LJjq9UHk,0.00748,0.819,-4.574,0.415,0.626,0.167,143.01,TRUE,0.101,195906,"atl hip hop, hip hop, rap, trap",hip hop,Hip-Hop,2020
119,Mad at Disney,salem ilese,Mad at Disney,73,1,https://open.spotify.com/track/7aGyRfJWtLqgJaZoG9lJhE,0.424,0.738,-7.313,0.715,0.621,0.692,113.968,FALSE,7.39E-06,136839,"alt z, modern indie pop",modern indie pop,Pop,2020
120,Favorito,Camilo,Por Primera Vez,67,10,https://open.spotify.com/track/0jT8Nl0shPS8115is0wD2Q,0.237,0.606,-2.975,0.822,0.853,0.251,178.043,FALSE,0,209766,"colombian pop, latin pop, reggaeton colombiano",latin pop,Pop,2020
121,Old Me,5 Seconds of Summer,CALM,0,12,https://open.spotify.com/track/4POHzEwNTCYaIvqCUp3NnO,0.313,0.721,-3.639,0.473,0.62,0.26,127.979,TRUE,0,186786,"boy band, pop",pop,Pop,2020
122,I Love Me,Demi Lovato,I Love Me,61,1,https://open.spotify.com/track/2IHLaN6wwYKQ3S24NsQqpA,0.00261,0.664,-7.031,0.713,0.561,0.0764,150.093,TRUE,0,203672,"pop, post-teen pop",post-teen pop,Pop,2020
123,Boss Bitch,Doja Cat,Boss Bitch,82,1,https://open.spotify.com/track/78qd8dvwea0Gosb6Fe6j3k,0.127,0.707,-4.593,0.575,0.955,0.202,125.989,FALSE,0,134240,"dance pop, pop",pop,Pop,2020
124,Djadja (feat. Maluma) - Remix,Aya Nakamura  & Maluma,Djadja (feat. Maluma) [Remix],67,1,https://open.spotify.com/track/6AzKhCHOms83jvNVLsz0Bt,0.175,0.791,-7.328,0.672,0.682,0.0926,98.031,FALSE,0,166851,"basshall, pop urbaine, r&b francais",pop urbaine,Pop,2020
125,La Difícil,Bad Bunny,YHLQMDLG,80,20,https://open.spotify.com/track/6NfrH0ANGmgBXyxgV2PeXt,0.0861,0.685,-4.561,0.761,0.848,0.0783,179.87,TRUE,7.14E-06,163084,"reggaeton, trap latino, urbano latino",trap latino,Hip-Hop,2020
126,"Ay, DiOs Mío!",KAROL G,"Ay, DiOs Mío!",73,1,https://open.spotify.com/track/7x4ASXYEKfQBCewcZhK776,0.512,0.718,-4.366,0.531,0.712,0.104,180.034,FALSE,0.00121,189653,"reggaeton, reggaeton colombiano, trap latino, urbano latino",reggaeton colombiano,Reggaeton,2020
127,GREECE (feat. Drake),DJ Khaled  & Drake,GREECE (feat. Drake),75,1,https://open.spotify.com/track/35RJhm1pEovTBwnNR0zWad,0.0743,0.695,-10.798,0.229,0.343,0.107,85.84,TRUE,1.04E-06,218902,"hip hop, miami hip hop, pop rap, rap",miami hip hop,Hip-Hop,2020
128,Me Gusta,Shakira  & Anuel AA,Me Gusta,74,1,https://open.spotify.com/track/5Xhqh4lwJPtMUTsdBztN1a,0.0559,0.775,-5.184,0.775,0.696,0.157,92.007,FALSE,0.00184,190570,"colombian pop, dance pop, latin pop, pop",dance pop,Pop,2020
129,Boyfriend,Selena Gomez,Rare (Deluxe),57,17,https://open.spotify.com/track/4QnC1bIaMSfDQvF4XDhV5M,0.218,0.811,-6.381,0.346,0.512,0.0768,92.046,FALSE,0.0262,161188,"pop, post-teen pop",post-teen pop,Pop,2020
130,The Other Side (from Trolls World Tour),SZA  & Justin Timberlake,The Other Side (from Trolls World Tour),66,1,https://open.spotify.com/track/463PQggkmk5tTw8ug0ahOX,0.00277,0.76,-6.274,0.709,0.607,0.132,105.979,FALSE,0,188187,"pop, r&b, rap",r&b,R&B,2020
131,High Fashion (feat. Mustard),Roddy Ricch  & Mustard,Please Excuse Me for Being Antisocial,74,16,https://open.spotify.com/track/07KXEDMj78x68D884wgVEm,0.269,0.831,-8.442,0.511,0.499,0.3,97.956,TRUE,0,220487,"melodic rap, rap, trap",rap,Hip-Hop,2020
132,My Oh My (feat. DaBaby),Camila Cabello  & DaBaby,Romance,78,14,https://open.spotify.com/track/3yOlyBJuViE2YSGn3nVE1K,0.018,0.724,-6.024,0.383,0.491,0.0887,105.046,FALSE,1.29E-05,170746,"dance pop, pop",pop,Pop,2020
133,People You Know,Selena Gomez,Rare (Deluxe),62,17,https://open.spotify.com/track/5UqZDGclEuq7g3sgUFad0J,0.0881,0.695,-8.082,0.62,0.62,0.111,150.032,FALSE,5.43E-05,194900,"pop, post-teen pop",post-teen pop,Pop,2020
134,Moral of the Story,Ashe,Moral of the Story,76,1,https://open.spotify.com/track/2nC3QhMI9reBIOWutbU3Tj,0.587,0.572,-8.624,0.265,0.406,0.102,119.812,TRUE,4.48E-06,201084,alt z,alt z,Hip-Hop,2020
136,drivers license,Olivia Rodrigo,drivers license,30,1,https://open.spotify.com/track/7lPN2DXiMsVn7XUKtOW1CS,0.721,0.585,-8.761,0.132,0.436,0.105,143.874,TRUE,1.31E-05,242014,pop,pop,Pop,2021
137,Easy On Me,Adele,Easy On Me,85,1,https://open.spotify.com/track/0gplL1WMoJ6iYaPgMCL0gX,0.578,0.604,-7.519,0.13,0.366,0.133,141.981,FALSE,0,224695,"british soul, pop, pop soul, uk pop",pop,Pop,2021
138,Save Your Tears (with Ariana Grande) (Remix),The Weeknd  & Ariana Grande,Save Your Tears (Remix),84,1,https://open.spotify.com/track/37BZB0z9T8Xu7U3e65qxFy,0.0215,0.65,-4.645,0.593,0.825,0.0936,118.091,FALSE,2.44E-05,191014,"canadian contemporary r&b, canadian pop, pop",canadian pop,Pop,2021
139,MONTERO (Call Me By Your Name),Lil Nas X,MONTERO (Call Me By Your Name),78,3,https://open.spotify.com/track/67BtfxlNbhBmCDR2L2l8qd,0.297,0.61,-6.682,0.758,0.508,0.384,178.818,TRUE,0,137876,lgbtq+ hip hop,lgbtq+ hip hop,Hip-Hop,2021
140,good 4 u,Olivia Rodrigo,good 4 u,25,1,https://open.spotify.com/track/6PERP62TejQjgHu81OHxgM,0.3,0.556,-5.052,0.668,0.661,0.101,168.56,TRUE,0,178148,pop,pop,Pop,2021
141,Beggin',Måneskin,Chosen,87,7,https://open.spotify.com/track/3Wrjm47oTz2sjIgck11l5e,0.127,0.714,-4.808,0.589,0.8,0.359,134.002,FALSE,0,211560,"indie rock italiano, italian pop, pop",italian pop,Pop,2021
142,Kiss Me More (feat. SZA),Doja Cat  & SZA,Kiss Me More (feat. SZA),81,1,https://open.spotify.com/track/748mdHapucXQri7IAO8yFK,0.235,0.762,-3.541,0.742,0.701,0.123,110.968,TRUE,0.000158,208867,"dance pop, pop",pop,Pop,2021
143,Peaches (feat. Daniel Caesar & Giveon),Justin Bieber  & Daniel Caesar  & Giveon,Justice,86,16,https://open.spotify.com/track/4iJyoBOLtHqaGxP12qzhQI,0.321,0.677,-6.181,0.464,0.696,0.42,90.03,TRUE,0,198082,"canadian pop, pop",pop,Pop,2021
144,Leave The Door Open,Bruno Mars  & Anderson .Paak  & Silk Sonic,Leave The Door Open,11,1,https://open.spotify.com/track/7MAibcTli4IisCtbHKrGMh,0.182,0.586,-7.964,0.719,0.616,0.0927,148.088,FALSE,0,242096,"dance pop, pop",pop,Pop,2021
145,Good Days,SZA,Good Days,82,1,https://open.spotify.com/track/3YJJjQPAbDT7mGpX3WtQ9A,0.499,0.436,-8.37,0.412,0.655,0.688,121.002,TRUE,8.10E-06,279204,"pop, r&b, rap",r&b,R&B,2021
146,deja vu,Olivia Rodrigo,deja vu,18,1,https://open.spotify.com/track/61KpQadow081I2AsbeLcsb,0.593,0.439,-7.236,0.172,0.61,0.341,181.088,TRUE,1.07E-05,215508,pop,pop,Pop,2021
147,Bad Habits,Ed Sheeran,Bad Habits,31,1,https://open.spotify.com/track/6PQ88X9TkUIAUIZJHW2upE,0.0469,0.808,-3.712,0.591,0.897,0.364,126.026,FALSE,3.14E-05,231041,"pop, singer-songwriter pop, uk pop",singer-songwriter pop,Pop,2021
148,STAY (with Justin Bieber),The Kid LAROI  & Justin Bieber,STAY (with Justin Bieber),88,1,https://open.spotify.com/track/5HCyWlXZPP0y6Gqq8TgA20,0.0383,0.591,-5.484,0.478,0.764,0.103,169.928,TRUE,0,141806,australian hip hop,australian hip hop,Hip-Hop,2021
149,Woman,Doja Cat,Planet Her,88,14,https://open.spotify.com/track/6Uj1ctrBOjOas8xZXGqKk4,0.0888,0.824,-4.175,0.881,0.764,0.117,107.998,TRUE,0.00294,172627,"dance pop, pop",pop,Pop,2021
150,INDUSTRY BABY (feat. Jack Harlow),Lil Nas X  & Jack Harlow,MONTERO,81,15,https://open.spotify.com/track/5Z9KJZvQzH6PFmb8SNkxuk,0.0221,0.741,-7.395,0.892,0.691,0.0476,150.087,TRUE,0,212353,lgbtq+ hip hop,lgbtq+ hip hop,Hip-Hop,2021
151,Astronaut In The Ocean,Masked Wolf,Astronaut In The Ocean,79,1,https://open.spotify.com/track/3Ofmpyhv5UAQ70mENzB277,0.175,0.778,-6.865,0.472,0.695,0.15,149.996,TRUE,0,132780,australian hip hop,australian hip hop,Hip-Hop,2021
152,MONEY,LISA,LALISA,83,2,https://open.spotify.com/track/7hU3IHwjX150XLoTVmjD0q,0.161,0.831,-9.998,0.396,0.554,0.152,140.026,TRUE,6.12E-05,168228,k-pop,k-pop,K-Pop,2021
153,Butter,BTS,Butter,3,2,https://open.spotify.com/track/3VqeTFIvhxu3DIe4eZVzGq,0.00323,0.759,-5.187,0.695,0.459,0.0906,109.997,FALSE,0,164442,"k-pop, k-pop boy group, pop",k-pop boy group,K-Pop,2021
154,Levitating (feat. DaBaby),Dua Lipa  & DaBaby,Levitating (feat. DaBaby),77,1,https://open.spotify.com/track/463CkQjx2Zk1yXoBuierM9,0.00883,0.702,-3.787,0.915,0.825,0.0674,102.977,FALSE,0,203064,"dance pop, pop, uk pop",pop,Pop,2021
155,Todo De Ti,Rauw Alejandro,Todo De Ti,81,1,https://open.spotify.com/track/4fSIb4hdOQ151TILNsSEaF,0.31,0.78,-3.605,0.342,0.718,0.0932,127.949,TRUE,0.000163,199604,"puerto rican pop, reggaeton, trap latino, urbano latino",reggaeton,Reggaeton,2021
156,34+35,Ariana Grande,Positions,81,14,https://open.spotify.com/track/6Im9k8u9iIzKMrmV7BWtlF,0.237,0.83,-6.476,0.485,0.585,0.248,109.978,TRUE,0,173711,pop,pop,Pop,2021
157,telepatía,Kali Uchis,Sin Miedo (del Amor y Otros Demonios) ∞,87,13,https://open.spotify.com/track/6tDDoYIxWvMLTdKpjFkc1B,0.112,0.653,-9.016,0.553,0.524,0.203,83.97,FALSE,0,160191,colombian pop,colombian pop,Pop,2021
158,Happier Than Ever,Billie Eilish,Happier Than Ever,88,16,https://open.spotify.com/track/4RVwu0g32PAqgUiJoXsdF8,0.767,0.332,-8.697,0.297,0.225,0.128,81.055,TRUE,0.00349,298899,"art pop, electropop, pop",electropop,Pop,2021
159,You Right,Doja Cat  & The Weeknd,Planet Her,84,14,https://open.spotify.com/track/0k4d5YPDr1r7FX77VdqWez,0.0164,0.828,-6.414,0.436,0.621,0.0845,128.986,TRUE,0.00233,186173,"dance pop, pop",pop,Pop,2021
160,Heartbreak Anniversary,Giveon,TAKE TIME,84,8,https://open.spotify.com/track/3FAJ6O0NOHQV8Mc5Ri6ENp,0.524,0.449,-8.964,0.543,0.465,0.303,89.087,FALSE,1.02E-06,198371,r&b,r&b,R&B,2021
161,All Too Well (10 Minute Version) (Taylor's Version) (From The Vault),Taylor Swift,Red (Taylor's Version),88,30,https://open.spotify.com/track/5enxwA8aAbwZbf5qCHORXi,0.274,0.631,-8.771,0.205,0.518,0.088,93.023,TRUE,0,613027,pop,pop,Pop,2021
162,Heat Waves,Glass Animals,Dreamland,93,16,https://open.spotify.com/track/3USxtqRwSYz57Ewm6wWRMp,0.44,0.761,-6.9,0.531,0.525,0.0921,80.87,FALSE,6.70E-06,238805,"gauze pop, indietronica, modern rock, pov: indie, shiver pop",indietronica,Indie,2021
163,My Universe,Coldplay  & BTS,My Universe,83,2,https://open.spotify.com/track/3FeVmId7tL5YN8B7R3imoM,0.00813,0.588,-6.39,0.443,0.701,0.2,104.988,FALSE,0,228000,"permanent wave, pop",pop,Pop,2021
164,The Business,Tiësto,The Business,82,1,https://open.spotify.com/track/6f3Slt0GbA2bPZlz0aIFXN,0.414,0.798,-7.079,0.235,0.62,0.112,120.031,FALSE,0.0192,164000,"big room, brostep, dutch edm, edm, house, pop dance, slap house, trance",brostep,EDM,2021
165,Need to Know,Doja Cat,Need to Know,65,1,https://open.spotify.com/track/10hcDov7xmcRviA8jLwEaI,0.304,0.664,-6.509,0.194,0.609,0.0926,130.041,TRUE,0,210560,"dance pop, pop",pop,Pop,2021
166,I WANNA BE YOUR SLAVE,Måneskin,Teatro d'ira - Vol. I,85,8,https://open.spotify.com/track/4pt5fDVTg5GhEvEtlz9dKk,0.00165,0.75,-4.008,0.958,0.608,0.178,132.507,TRUE,0,173347,"indie rock italiano, italian pop, pop",italian pop,Pop,2021
167,Yonaguni,Bad Bunny,Yonaguni,86,1,https://open.spotify.com/track/2JPLbjOn0wPCngEot2STUS,0.276,0.644,-4.601,0.44,0.648,0.135,179.951,TRUE,0,206710,"reggaeton, trap latino, urbano latino",trap latino,Hip-Hop,2021
168,Streets,Doja Cat,Hot Pink,84,12,https://open.spotify.com/track/60ynsPSSKe6O3sfwRnIBRf,0.21,0.749,-8.433,0.189,0.463,0.338,90.035,TRUE,0.0382,226987,"dance pop, pop",pop,Pop,2021
169,positions,Ariana Grande,Positions,85,14,https://open.spotify.com/track/35mvY5S1H3J2QZyna3TFe0,0.468,0.737,-4.771,0.682,0.802,0.0931,144.015,TRUE,0,172325,pop,pop,Pop,2021
170,traitor,Olivia Rodrigo,SOUR,89,11,https://open.spotify.com/track/5CZ40GBx1sQ9agT82CLQCT,0.691,0.38,-7.885,0.0849,0.339,0.12,100.607,FALSE,0,229227,pop,pop,Pop,2021
171,willow,Taylor Swift,evermore,83,15,https://open.spotify.com/track/0lx2cLdOt3piJbcaXIV74f,0.833,0.392,-9.195,0.529,0.574,0.145,81.112,FALSE,0.00179,214707,pop,pop,Pop,2021
172,love nwantiti (ah ah ah),CKay,CKay The First,84,8,https://open.spotify.com/track/2Xr1dTzJee307rmrkt8c0g,0.365,0.727,-3.805,0.533,0.739,0.161,93.005,TRUE,0.00137,145800,"afro r&b, afrobeats",afrobeats,R&B,2021
173,pov,Ariana Grande,Positions,77,14,https://open.spotify.com/track/3UoULw70kMsiVXxW0L3A33,0.36,0.487,-5.664,0.173,0.534,0.1,131.798,FALSE,0,201882,pop,pop,Pop,2021
174,Build a Bitch,Bella Poarch,Build a Bitch,76,1,https://open.spotify.com/track/7BoobGhD4x5K96Me0hqC8Q,0.217,0.855,-7.454,0.866,0.463,0.347,102.931,TRUE,1.77E-05,122773,modern alternative pop,modern alternative pop,Pop,2021
175,Up,Cardi B,Up,74,1,https://open.spotify.com/track/1XXimziG1uhM0eDNCZCrUl,0.0012,0.868,-6.044,0.819,0.795,0.0461,166,TRUE,0.0193,156945,"pop, rap",rap,Hip-Hop,2021
176,DÁKITI,Bad Bunny  & Jhayco,EL ÚLTIMO TOUR DEL MUNDO,82,16,https://open.spotify.com/track/4MzXwWMhyBbmu6hOcLVD49,0.401,0.731,-10.059,0.145,0.573,0.113,109.928,TRUE,5.22E-05,205090,"reggaeton, trap latino, urbano latino",trap latino,Hip-Hop,2021
177,Baila Conmigo (with Rauw Alejandro),Selena Gomez  & Rauw Alejandro,Revelación - EP,74,7,https://open.spotify.com/track/079Ey5uxL04AKPQgVQwx5h,0.0215,0.823,-7.132,0.664,0.544,0.0966,149.903,FALSE,0.00315,186088,"pop, post-teen pop",post-teen pop,Pop,2021
178,Shivers,Ed Sheeran,Shivers,74,2,https://open.spotify.com/track/75MNhvTCCKsST3YqqUiU9r,0.281,0.788,-2.724,0.822,0.859,0.0424,141.02,FALSE,0,207853,"pop, singer-songwriter pop, uk pop",singer-songwriter pop,Pop,2021
179,Solar Power,Lorde,Solar Power,2,1,https://open.spotify.com/track/3KdoeNlEN0BoAKWzaRLNZa,0.266,0.735,-9.405,0.897,0.47,0.32,87.971,FALSE,0.000105,192621,"art pop, metropopolis, nz pop, pop",metropopolis,Pop,2021
180,We're Good,Dua Lipa,Future Nostalgia (The Moonlight Edition),77,19,https://open.spotify.com/track/1diS6nkxMQc3wwC4G1j0bh,0.0319,0.722,-5.932,0.59,0.588,0.183,134.01,FALSE,0,165507,"dance pop, pop, uk pop",pop,Pop,2021
181,WITHOUT YOU (with Miley Cyrus),The Kid LAROI  & Miley Cyrus,WITHOUT YOU (with Miley Cyrus),73,1,https://open.spotify.com/track/1EHUQesfVKwbthtNcpBi9g,0.173,0.655,-6.257,0.467,0.469,0.0956,92.56,TRUE,0,161385,australian hip hop,australian hip hop,Hip-Hop,2021
182,late at night,Roddy Ricch,late at night,67,1,https://open.spotify.com/track/1fxYz1s15pyZLsJT0Hdh1m,0.343,0.643,-11.254,0.111,0.403,0.138,98.54,TRUE,0,174682,"melodic rap, rap, trap",rap,Hip-Hop,2021
183,Calling My Phone,Lil Tjay  & 6LACK,Destined 2 Win,83,21,https://open.spotify.com/track/3J8EOeKLTLXORtWPpOU5bE,0.451,0.907,-7.636,0.202,0.393,0.135,104.949,TRUE,1.35E-06,205458,"brooklyn drill, melodic rap, nyc rap, rap",melodic rap,Hip-Hop,2021
184,RAPSTAR,Polo G,Hall of Fame,83,20,https://open.spotify.com/track/18vXApRmJSgQ6wG2ll9AOg,0.41,0.789,-6.862,0.437,0.536,0.129,81.039,TRUE,0,165926,"chicago rap, rap",rap,Hip-Hop,2021
185,Girls Want Girls (with Lil Baby),Drake  & Lil Baby,Certified Lover Boy,79,21,https://open.spotify.com/track/37Nqx7iavZpotJSDXZWbJ3,0.181,0.767,-8.726,0.381,0.438,0.142,86.975,TRUE,0,221980,"canadian hip hop, canadian pop, hip hop, rap, toronto rap",canadian pop,Pop,2021
186,Whoopty,CJ,Whoopty,74,1,https://open.spotify.com/track/5vGLcdRuSbUhD8ScwsGSdA,0.2,0.719,-7.6,0.66,0.648,0.127,140.201,TRUE,0,123263,nyc rap,nyc rap,Hip-Hop,2021
187,Mood (feat. iann dior),24kGoldn  & iann dior,El Dorado,84,13,https://open.spotify.com/track/4jPy3l0RUwlUI9T5XHBW2m,0.174,0.701,-3.671,0.732,0.716,0.324,91.007,TRUE,0,140533,cali rap,cali rap,Hip-Hop,2021
188,LA NOCHE DE ANOCHE,Bad Bunny  & ROSALÍA,EL ÚLTIMO TOUR DEL MUNDO,83,16,https://open.spotify.com/track/2XIc1pqjXV3Cr2BQUGNBck,0.0303,0.856,-4.892,0.391,0.618,0.0866,81.993,FALSE,0,203201,"reggaeton, trap latino, urbano latino",trap latino,Hip-Hop,2021
189,Anyone,Justin Bieber,Anyone,74,1,https://open.spotify.com/track/31qCy5ZaophVA81wtlwLc4,0.181,0.686,-8.026,0.584,0.538,0.113,115.884,FALSE,3.13E-06,190779,"canadian pop, pop",pop,Pop,2021
190,Hold On,Justin Bieber,Hold On,73,1,https://open.spotify.com/track/4u4NyuceXP7Uzh7XFJKCr1,0.0106,0.658,-5.797,0.29,0.634,0.132,139.98,FALSE,0,170813,"canadian pop, pop",pop,Pop,2021
191,Love Story (Taylor’s Version),Taylor Swift,Love Story (Taylor’s Version),86,1,https://open.spotify.com/track/3CeCwYWvdfXbZLXFhBrbnf,0.135,0.626,-4.302,0.416,0.79,0.0989,119.082,FALSE,3.97E-06,235767,pop,pop,Pop,2021
192,Afterglow,Ed Sheeran,Afterglow,75,1,https://open.spotify.com/track/0E4Y1XIbs8GrAT1YqVy6dq,0.698,0.641,-5.851,0.273,0.324,0.328,110.184,FALSE,0,185487,"pop, singer-songwriter pop, uk pop",singer-songwriter pop,Pop,2021
193,GIRL LIKE ME,Black Eyed Peas  & Shakira,TRANSLATION,76,15,https://open.spotify.com/track/1zLBsSVxETQOfINOLYvT5m,0.0206,0.965,-8.784,0.312,0.485,0.0655,124.025,TRUE,0.0237,222523,"dance pop, pop, pop rap",pop,Pop,2021
194,BICHOTA,KAROL G,BICHOTA,75,1,https://open.spotify.com/track/7vrJn5hDSXRmdXoR30KgF1,0.212,0.863,-4.158,0.838,0.666,0.103,163.908,TRUE,0.000493,178947,"reggaeton, reggaeton colombiano, trap latino, urbano latino",reggaeton colombiano,Reggaeton,2021
195,Bandido,Myke Towers  & Juhn,Bandido,76,1,https://open.spotify.com/track/1xK1Gg9SxG8fy2Ya373oqb,0.122,0.713,-4.637,0.682,0.617,0.0962,168.021,FALSE,0,232853,"reggaeton, trap latino, urbano latino",trap latino,Hip-Hop,2021
196,Prisoner (feat. Dua Lipa),Miley Cyrus  & Dua Lipa,Prisoner (feat. Dua Lipa),4,1,https://open.spotify.com/track/5JqZ3oqF00jkT81foAFvqg,0.0103,0.781,-3.912,0.595,0.67,0.0761,127.99,FALSE,0,169333,pop,pop,Pop,2021
197,Blinding Lights,The Weeknd,After Hours,93,14,https://open.spotify.com/track/0VjIjW4GlUZAMYd2vXMi3b,0.00146,0.514,-5.934,0.334,0.73,0.0897,171.005,FALSE,9.54E-05,200040,"canadian contemporary r&b, canadian pop, pop",canadian pop,Pop,2021
198,Beautiful Mistakes (feat. Megan Thee Stallion),Maroon 5  & Megan Thee Stallion,Beautiful Mistakes (feat. Megan Thee Stallion),31,1,https://open.spotify.com/track/6fRxMU4LWwyaSSowV441IU,0.0377,0.713,-5.483,0.721,0.676,0.154,99.048,FALSE,0,227395,pop,pop,Pop,2021
199,Therefore I Am,Billie Eilish,Therefore I Am,76,1,https://open.spotify.com/track/54bFM56PmE4YLRnqpW6Tha,0.218,0.889,-7.773,0.716,0.34,0.055,94.009,FALSE,0.13,174321,"art pop, electropop, pop",electropop,Pop,2021
200,test drive,Ariana Grande,Positions (Deluxe),66,19,https://open.spotify.com/track/3eZYOQO4UzKrUDYDghtnFw,0.0251,0.698,-4.943,0.322,0.708,0.124,115.036,FALSE,0,122174,pop,pop,Pop,2021
201,Lemonade,Internet Money  & Gunna  & Don Toliver  & NAV,"Lemonade (feat. Gunna, Don Toliver & NAV)",76,1,https://open.spotify.com/track/02kDW379Yfd5PzW5A6vuGt,0.256,0.799,-6.153,0.471,0.66,0.111,140.04,TRUE,0,195429,pop rap,pop rap,Hip-Hop,2021
202,Watermelon Sugar,Harry Styles,Fine Line,92,12,https://open.spotify.com/track/6UelLqGlWMcVH1E5c4H7lY,0.122,0.548,-4.209,0.557,0.816,0.335,95.39,FALSE,0,174000,pop,pop,Pop,2021
203,Lost Cause,Billie Eilish,Lost Cause,2,1,https://open.spotify.com/track/2xdwCJLfKCkat14mlgR26M,0.705,0.671,-8.494,0.518,0.336,0.0577,75.051,TRUE,0.00751,212496,"art pop, electropop, pop",electropop,Pop,2021
204,Selfish Love (with Selena Gomez),DJ Snake  & Selena Gomez,Selfish Love (with Selena Gomez),63,1,https://open.spotify.com/track/3XoflnowYPFRPOh3uFvHcm,0.0206,0.723,-7.973,0.443,0.646,0.0994,110.971,FALSE,0.352,168649,"edm, electronic trap, pop, pop dance",electronic trap,Hip-Hop,2021
205,What You Know Bout Love,Pop Smoke,LOVE,0,49,https://open.spotify.com/track/5TnQ453LtEy08EwrIUtB1e,0.655,0.584,-8.502,0.56,0.547,0.134,83.917,TRUE,1.64E-06,160000,"brooklyn drill, rap",rap,Hip-Hop,2021
206,Dynamite,BTS,BE,7,8,https://open.spotify.com/track/4saklk6nie3yiGePpBwUoc,0.0112,0.746,-4.41,0.737,0.765,0.0936,114.044,FALSE,0,199054,"k-pop, k-pop boy group, pop",k-pop boy group,K-Pop,2021
207,Head & Heart (feat. MNEK),Joel Corry  & MNEK,Head & Heart (feat. MNEK),82,1,https://open.spotify.com/track/6cx06DFPPHchuUAcTxznu9,0.168,0.734,-3.158,0.905,0.874,0.0489,122.953,FALSE,1.14E-05,166028,"dance pop, pop dance, uk dance",pop dance,Pop,2021
208,Save Your Tears,The Weeknd,After Hours,90,14,https://open.spotify.com/track/5QO79kh1waicV47BqGRL3g,0.0212,0.68,-5.487,0.644,0.826,0.543,118.051,TRUE,1.24E-05,215627,"canadian contemporary r&b, canadian pop, pop",canadian pop,Pop,2021
209,Body,Megan Thee Stallion,Good News,73,17,https://open.spotify.com/track/0A1hoCfMLkiAgvhWkkucJa,0.0166,0.914,-6.1,0.469,0.732,0.107,94.066,TRUE,0,171067,"houston rap, pop, rap, trap queen",pop,Pop,2021
210,Best Friend (feat. Doja Cat),Saweetie  & Doja Cat,Best Friend (feat. Doja Cat),75,1,https://open.spotify.com/track/2etHQJxIbV0soyPhelVs9Y,0.00302,0.84,-4.12,0.402,0.766,0.0684,94.018,TRUE,3.61E-06,155884,"cali rap, trap queen",trap queen,Hip-Hop,2021
211,"34+35 Remix (feat. Doja Cat, Megan Thee Stallion) - Remix",Ariana Grande  & Doja Cat  & Megan Thee Stallion,34+35 (Remix),67,1,https://open.spotify.com/track/3jjBPF4NDMCU51psU8JPpR,0.205,0.88,-5.766,0.726,0.662,0.227,109.988,TRUE,0,182438,pop,pop,Pop,2021
212,What’s Next,Drake,Scary Hours 2,75,3,https://open.spotify.com/track/3aQem4jVGdhtg116TmJnHz,0.0136,0.781,-6.959,0.0628,0.594,0.162,129.895,TRUE,0,178154,"canadian hip hop, canadian pop, hip hop, rap, toronto rap",canadian pop,Pop,2021
213,On The Ground,ROSÉ,R,74,2,https://open.spotify.com/track/2pn8dNVSpYnAtlKFC8Q0DJ,0.0174,0.311,-6.578,0.286,0.607,0.131,188.7,FALSE,0,168086,k-pop,k-pop,K-Pop,2021
214,As I Am (feat. Khalid),Justin Bieber  & Khalid,Justice,67,16,https://open.spotify.com/track/6F2r4HgpJnvKDmkN6JEN6J,0.127,0.595,-8.149,0.109,0.543,0.0975,99.928,FALSE,0,174406,"canadian pop, pop",pop,Pop,2021
215,Met Him Last Night (feat. Ariana Grande),Demi Lovato  & Ariana Grande,Dancing With The Devil…The Art of Starting Over,62,19,https://open.spotify.com/track/0BI0hfbmqybnd3TezrDME3,0.22,0.538,-4.548,0.12,0.512,0.101,144.978,TRUE,0,204632,"pop, post-teen pop",post-teen pop,Pop,2021
216,m y . l i f e (with 21 Savage & Morray),J. Cole  & 21 Savage  & Morray,The Off-Season,82,12,https://open.spotify.com/track/1D3z6HTiQsNmZxjl7F7eoG,0.0622,0.597,-7.026,0.0753,0.587,0.214,140.021,TRUE,0,218802,"conscious hip hop, hip hop, north carolina hip hop, rap",hip hop,Hip-Hop,2021
217,Your Power,Billie Eilish,Your Power,3,1,https://open.spotify.com/track/5qNh5WtzMbfpSj2jLlBkoD,0.937,0.634,-14.007,0.203,0.285,0.232,129.65,FALSE,0.000359,245897,"art pop, electropop, pop",electropop,Pop,2021
218,Permission to Dance,BTS,Butter / Permission to Dance,5,4,https://open.spotify.com/track/0LThjFY2iTtNdd4wviwVV2,0.00544,0.702,-5.33,0.646,0.741,0.337,124.925,FALSE,0,187585,"k-pop, k-pop boy group, pop",k-pop boy group,K-Pop,2021
219,Motley Crew,Post Malone,Motley Crew,78,1,https://open.spotify.com/track/40uMIn2zJLAQhNXghRjBed,0.0904,0.797,-3.818,0.288,0.631,0.0998,129.915,TRUE,3.71E-06,184213,"dfw rap, melodic rap, pop, rap",melodic rap,Hip-Hop,2021
220,Fair Trade (with Travis Scott),Drake  & Travis Scott,Certified Lover Boy,88,21,https://open.spotify.com/track/40iJIUlhi6renaREYGeIDS,0.0503,0.666,-8.545,0.292,0.465,0.215,167.937,TRUE,0,291175,"canadian hip hop, canadian pop, hip hop, rap, toronto rap",canadian pop,Pop,2021
221,Hurricane,Kanye West,Donda,8,27,https://open.spotify.com/track/0RbW8kWozrVSIGb4V13o0o,0.0466,0.587,-6.569,0.351,0.561,0.109,80.009,FALSE,0,243187,"chicago rap, hip hop, rap",hip hop,Hip-Hop,2021
222,Pepas,Farruko,Pepas,86,1,https://open.spotify.com/track/5fwSHlTEWpluwOM0Sxnh5k,0.00776,0.762,-3.955,0.442,0.766,0.128,130.001,TRUE,6.98E-05,287120,"reggaeton, trap latino, urbano latino",trap latino,Hip-Hop,2021
223,THATS WHAT I WANT,Lil Nas X,MONTERO,85,15,https://open.spotify.com/track/0e8nrvls4Qqv5Rfa2UhqmO,0.00614,0.737,-4.51,0.546,0.846,0.0486,87.981,TRUE,0,143901,lgbtq+ hip hop,lgbtq+ hip hop,Hip-Hop,2021
224,Rumors (feat. Cardi B),Lizzo  & Cardi B,Rumors (feat. Cardi B),71,1,https://open.spotify.com/track/6KgtcmCF9Ky68XC7ezxl3s,0.13,0.827,-5.524,0.607,0.731,0.418,118.992,TRUE,0,172833,"escape room, minnesota hip hop, pop, trap queen",minnesota hip hop,Hip-Hop,2021
225,Skate,Bruno Mars  & Anderson .Paak  & Silk Sonic,Skate,2,2,https://open.spotify.com/track/2sXf2JdbB2GlNju00kw9WE,0.037,0.708,-8.365,0.698,0.598,0.17,112.027,FALSE,0,203123,"dance pop, pop",pop,Pop,2021
226,t r a n s p a r e n t s o u l feat. Travis Barker,WILLOW  & Travis Barker,t r a n s p a r e n t s o u l feat. Travis Barker,67,1,https://open.spotify.com/track/1QL7nSDZCwZMnbisV4KOXt,0.0021,0.39,-5.201,0.191,0.83,0.156,90.021,TRUE,0,168030,"afrofuturism, pop, post-teen pop, pov: indie",pop,Pop,2021
227,Cold Heart - PNAU Remix,Elton John  & Dua Lipa  & PNAU,Cold Heart (PNAU Remix),88,1,https://open.spotify.com/track/6zSpb8dQRaw0M1dK8PBwQz,0.034,0.796,-6.312,0.942,0.798,0.0952,116.032,FALSE,4.19E-05,202735,"glam rock, mellow gold, piano rock, rock",mellow gold,Pop,2021
228,Leave Before You Love Me (with Jonas Brothers),Marshmello  & Jonas Brothers,Leave Before You Love Me,86,1,https://open.spotify.com/track/4qu63nuBpdn0qHUHuObEj1,0.00226,0.721,-4.77,0.637,0.738,0.118,119.976,FALSE,4.41E-06,154983,"brostep, edm, pop, progressive electro house",edm,EDM,2021
229,Girl From Rio,Anitta,Girl From Rio,72,1,https://open.spotify.com/track/2plRom0urixt6BE8t7kOhQ,0.00727,0.692,-6.717,0.733,0.639,0.199,140.059,FALSE,0,194422,"funk pop, funk rj, pagode baiano, pop, pop nacional",funk rj,Pop,2021
230,Arcade (feat. FLETCHER),Duncan Laurence  & FLETCHER,Small Town Boy,70,13,https://open.spotify.com/track/4Ld4kbKo1eOzToQ0P8JA0V,0.815,0.446,-9.328,0.267,0.395,0.128,71.944,FALSE,0.00216,187453,dutch pop,dutch pop,Pop,2021
231,Summer of Love (Shawn Mendes & Tainy),Shawn Mendes  & Tainy,Summer Of Love,80,1,https://open.spotify.com/track/0z8hI3OPS8ADPWtoCjjLl6,0.0297,0.776,-4.501,0.494,0.808,0.103,123.988,FALSE,0.000127,184104,"canadian pop, pop, viral pop",pop,Pop,2021
232,Meet Me At Our Spot,THE ANXIETY  & WILLOW  & Tyler Cole,THE ANXIETY,79,10,https://open.spotify.com/track/07MDkzWARZaLEdKxo6yArG,0.0153,0.773,-7.93,0.399,0.47,0.0851,94.995,TRUE,0.000193,162680,modern alternative pop,modern alternative pop,Pop,2021
233,Life Goes On,Oliver Tree,"Ugly is Beautiful: Shorter, Thicker & Uglier (Deluxe)",78,21,https://open.spotify.com/track/0eu4C55hL6x29mmeAjytzC,0.186,0.7,-5.187,0.569,0.49,0.117,79.982,FALSE,0,161803,alternative hip hop,alternative hip hop,Hip-Hop,2021
234,Dick (feat. Doja Cat),StarBoi3  & Doja Cat,Dick (feat. Doja Cat),72,1,https://open.spotify.com/track/3nY8AqaMNNHHLYV4380ol0,0.13,0.647,-6.831,0.474,0.608,0.0584,125.994,TRUE,0,175238,viral rap,viral rap,Hip-Hop,2021
235,Praise God,Kanye West,Donda,78,27,https://open.spotify.com/track/0WSEq9Ko4kFPt8yo3ICd6T,0.00904,0.798,-6.466,0.212,0.545,0.258,118.029,FALSE,9.48E-05,226653,"chicago rap, hip hop, rap",hip hop,Hip-Hop,2021
237,As It Was,Harry Styles,As It Was,93,1,https://open.spotify.com/track/4LRPiXqCikLlN15c3yImP7,0.342,0.52,-5.338,0.662,0.731,0.311,173.93,FALSE,0.00101,167303,pop,pop,Pop,2022
238,Tití Me Preguntó,Bad Bunny,Un Verano Sin Ti,91,23,https://open.spotify.com/track/1IHWl5LamUGEuP4ozKQSXZ,0.0993,0.65,-5.198,0.187,0.715,0.126,106.672,TRUE,0.000291,243717,"reggaeton, trap latino, urbano latino",trap latino,Hip-Hop,2022
239,Unholy (feat. Kim Petras),Sam Smith  & Kim Petras,Unholy (feat. Kim Petras),90,1,https://open.spotify.com/track/3nqQXoyQOWXiESFLlDF1hG,0.013,0.714,-7.375,0.238,0.472,0.266,131.121,FALSE,4.51E-06,156943,"pop, uk pop",uk pop,Pop,2022
240,Anti-Hero,Taylor Swift,Midnights,95,13,https://open.spotify.com/track/0V3wPSX9ygBnCm8psDIegu,0.13,0.637,-6.571,0.533,0.643,0.142,97.008,FALSE,1.80E-06,200690,pop,pop,Pop,2022
241,Running Up That Hill (A Deal With God) - 2018 Remaster,Kate Bush,Hounds of Love (2018 Remaster),37,12,https://open.spotify.com/track/29d0nY7TzCoi22XBqDQkiP,0.659,0.625,-11.903,0.139,0.533,0.0546,108.296,FALSE,0.00266,300840,"art pop, art rock, baroque pop, new wave pop, permanent wave, piano rock, singer-songwriter",art rock,Rock,2022
242,CUFF IT,Beyoncé,RENAISSANCE,90,16,https://open.spotify.com/track/1xzi1Jcr7mEi9K2RfzLOqS,0.0368,0.78,-5.668,0.642,0.689,0.0698,115.042,TRUE,9.69E-06,225389,"pop, r&b",r&b,R&B,2022
243,abcdefu,GAYLE,abcdefu,84,1,https://open.spotify.com/track/4fouWK6XVHhzl78KzQ1UjL,0.299,0.695,-5.692,0.415,0.54,0.367,121.932,TRUE,0,168602,modern alternative pop,modern alternative pop,Pop,2022
244,traitor,Olivia Rodrigo,SOUR,89,11,https://open.spotify.com/track/5CZ40GBx1sQ9agT82CLQCT,0.691,0.38,-7.885,0.0849,0.339,0.12,100.607,FALSE,0,229227,pop,pop,Pop,2022
245,Glimpse of Us,Joji,Glimpse of Us,87,1,https://open.spotify.com/track/6xGruZOHLs39ZbVccQTuPZ,0.891,0.44,-9.258,0.268,0.317,0.141,169.914,FALSE,4.78E-06,233456,viral pop,viral pop,Pop,2022
246,Bad Habit,Steve Lacy,Gemini Rights,85,10,https://open.spotify.com/track/4k6Uh1HXdhtusDW5y8Gbvy,0.613,0.686,-7.093,0.7,0.494,0.402,168.946,TRUE,5.80E-05,232067,afrofuturism,afrofuturism,R&B,2022
247,First Class,Jack Harlow,First Class,25,1,https://open.spotify.com/track/1rDQ4oMwGJI7B4tovsBOxc,0.0254,0.905,-6.135,0.324,0.563,0.113,106.998,TRUE,9.71E-06,173948,"deep underground hip hop, kentucky hip hop, pop rap, rap",kentucky hip hop,Hip-Hop,2022
248,Super Freaky Girl,Nicki Minaj,Super Freaky Girl,80,1,https://open.spotify.com/track/4C6Uex2ILwJi9sZXRdmqXp,0.0645,0.95,-2.653,0.912,0.891,0.309,133.01,TRUE,1.77E-05,170977,"hip pop, pop, queens hip hop, rap",pop,Pop,2022
249,About Damn Time,Lizzo,About Damn Time,83,1,https://open.spotify.com/track/1PckUlxKqWQs3RlWXVBLw3,0.0995,0.836,-6.305,0.722,0.743,0.335,108.966,TRUE,0,191822,"escape room, minnesota hip hop, pop, trap queen",minnesota hip hop,Hip-Hop,2022
250,Me Porto Bonito,Bad Bunny  & Chencho Corleone,Un Verano Sin Ti,93,23,https://open.spotify.com/track/6Sq7ltF9Qa7SNFBsV5Cogx,0.0901,0.911,-5.105,0.425,0.712,0.0933,92.005,TRUE,2.68E-05,178567,"reggaeton, trap latino, urbano latino",trap latino,Hip-Hop,2022
251,Heat Waves,Glass Animals,Dreamland (+ Bonus Levels),54,18,https://open.spotify.com/track/02MWAaffLxlfxAUY7c5dvx,0.44,0.761,-6.9,0.531,0.525,0.0921,80.87,FALSE,6.70E-06,238805,"gauze pop, indietronica, modern rock, pov: indie, shiver pop",indietronica,Indie,2022
252,Late Night Talking,Harry Styles,Harry's House,90,13,https://open.spotify.com/track/1qEmFfgcLObUfQm0j1W2CK,0.298,0.714,-4.595,0.901,0.728,0.106,114.996,FALSE,0,177955,pop,pop,Pop,2022
253,INDUSTRY BABY (feat. Jack Harlow),Lil Nas X  & Jack Harlow,INDUSTRY BABY (feat. Jack Harlow),84,1,https://open.spotify.com/track/27NovPIUIRrOZoCHxABJwK,0.0203,0.736,-7.409,0.894,0.704,0.0501,149.995,TRUE,0,212000,lgbtq+ hip hop,lgbtq+ hip hop,Hip-Hop,2022
254,Boyfriend,Dove Cameron,Boyfriend,84,1,https://open.spotify.com/track/59CfNbkERJ3NoTXDvoURjj,0.232,0.345,-6.543,0.232,0.612,0.194,179.773,TRUE,0,153000,pop,pop,Pop,2022
255,"Quevedo: Bzrp Music Sessions, Vol. 52",Bizarrap  & Quevedo,"Quevedo: Bzrp Music Sessions, Vol. 52",93,1,https://open.spotify.com/track/2tTmW7RDtMQtBk7m2rYeSw,0.0125,0.621,-5.548,0.55,0.782,0.23,128.033,FALSE,0.033,198938,"argentine hip hop, pop venezolano, trap argentino, trap latino, urbano latino",pop venezolano,Hip-Hop,2022
256,Envolver,Anitta,Envolver,78,1,https://open.spotify.com/track/3IAfUEeaXRX9s9UdKOJrFI,0.152,0.812,-5.421,0.396,0.736,0.0914,91.993,FALSE,0.00254,193806,"funk pop, funk rj, pagode baiano, pop, pop nacional",funk rj,Pop,2022
257,DESPECHÁ,ROSALÍA,DESPECHÁ,84,1,https://open.spotify.com/track/5ildQOEKmJuWGl2vRkFdYc,0.184,0.919,-6.521,0.775,0.623,0.0609,130.037,TRUE,1.63E-05,157018,"pop, r&b en espanol",r&b en espanol,R&B,2022
258,Pink Venom,BLACKPINK,Pink Venom,75,1,https://open.spotify.com/track/0skYUMpS0AcbpjcGsAbRGj,0.0202,0.798,-7.139,0.745,0.697,0.259,90.031,FALSE,0,186964,"k-pop, k-pop girl group, pop",k-pop girl group,K-Pop,2022
259,THATS WHAT I WANT,Lil Nas X,MONTERO,85,15,https://open.spotify.com/track/0e8nrvls4Qqv5Rfa2UhqmO,0.00614,0.737,-4.51,0.546,0.846,0.0486,87.981,TRUE,0,143901,lgbtq+ hip hop,lgbtq+ hip hop,Hip-Hop,2022
260,Ghost,Justin Bieber,Justice,89,16,https://open.spotify.com/track/6I3mqTwhRpn34SLVafSH7G,0.185,0.601,-5.569,0.441,0.741,0.415,153.96,FALSE,2.91E-05,153190,"canadian pop, pop",pop,Pop,2022
261,I Ain't Worried,OneRepublic,"I Ain’t Worried (Music From The Motion Picture ""Top Gun: Maverick"")",95,1,https://open.spotify.com/track/4h9wh7iOZ0GGn8QVp4RAOB,0.0826,0.704,-5.927,0.825,0.797,0.0546,139.994,FALSE,0.000745,148486,"piano rock, pop",pop,Pop,2022
262,Cold Heart - PNAU Remix,Elton John  & Dua Lipa  & PNAU,The Lockdown Sessions,74,16,https://open.spotify.com/track/7rglLriMNBPAyuJOMGwi39,0.0354,0.795,-6.32,0.934,0.8,0.0915,116.032,FALSE,7.25E-05,202735,"glam rock, mellow gold, piano rock, rock",mellow gold,Pop,2022
263,Left and Right (Feat. Jung Kook of BTS),Charlie Puth  & Jung Kook  & BTS,Left and Right (Feat. Jung Kook of BTS),86,1,https://open.spotify.com/track/0mBP9X2gPCuapvpZ7TGDk3,0.619,0.881,-4.898,0.719,0.592,0.0901,101.058,FALSE,1.32E-05,154487,"pop, viral pop",viral pop,Pop,2022
264,Bam Bam (feat. Ed Sheeran),Camila Cabello  & Ed Sheeran,Familia,80,12,https://open.spotify.com/track/2DB4DdfCFMw1iaR6JaR03a,0.182,0.756,-6.377,0.956,0.697,0.333,94.996,FALSE,0,206071,"dance pop, pop",pop,Pop,2022
265,MIDDLE OF THE NIGHT,Elley Duhé,MIDDLE OF THE NIGHT,88,1,https://open.spotify.com/track/58HvfVOeJY7lUuCqF0m3ly,0.0228,0.41,-8.271,0.0899,0.611,0.116,185.727,FALSE,0,184448,alt z,alt z,Hip-Hop,2022
266,All For Us,Labrinth  & Zendaya,Imagination & the Misfit Kid,76,15,https://open.spotify.com/track/76YSWx6L6FNsuaP6GWBb8P,0.0108,0.46,-6.642,0.18,0.66,0.34,141.722,FALSE,0.000139,191710,"indie poptimism, pop",pop,Pop,2022
267,I Like You (A Happier Song) (with Doja Cat),Post Malone  & Doja Cat,Twelve Carat Toothache,88,14,https://open.spotify.com/track/0O6u0VJ46W86TxN9wgyqDj,0.121,0.733,-6.009,0.472,0.67,0.121,100.964,TRUE,0,192841,"dfw rap, melodic rap, pop, rap",melodic rap,Hip-Hop,2022
268,Shivers,Ed Sheeran,=,89,14,https://open.spotify.com/track/50nfwKoDiSYg8zOCREWAm5,0.281,0.788,-2.724,0.822,0.859,0.0424,141.02,FALSE,0,207853,"pop, singer-songwriter pop, uk pop",singer-songwriter pop,Pop,2022
269,good 4 u,Olivia Rodrigo,SOUR,89,11,https://open.spotify.com/track/4ZtFanR9U6ndgddUvNcjcG,0.335,0.563,-5.044,0.688,0.664,0.0849,166.928,TRUE,0,178147,pop,pop,Pop,2022
270,STAR WALKIN' (League of Legends Worlds Anthem),Lil Nas X,STAR WALKIN' (League of Legends Worlds Anthem),84,1,https://open.spotify.com/track/38T0tPVZHcPZyhtOcCP7pF,0.148,0.637,-4.971,0.308,0.715,0.0892,141.872,TRUE,0,210576,lgbtq+ hip hop,lgbtq+ hip hop,Hip-Hop,2022
271,Enemy (with JID) - from the series Arcane League of Legends,Imagine Dragons  & JID  & Arcane  & League of Legends,Enemy (with JID) [from the series Arcane League of Legends],83,1,https://open.spotify.com/track/1r9xUipOqoNwggBpENDsvJ,0.237,0.728,-4.424,0.555,0.783,0.434,77.011,FALSE,0,173381,"modern rock, pop, rock",pop,Pop,2022
272,Lavender Haze,Taylor Swift,Midnights,88,13,https://open.spotify.com/track/5jQI2r1RdgtuT8S3iG8zFC,0.258,0.733,-10.489,0.0976,0.436,0.157,96.985,TRUE,0.000573,202396,pop,pop,Pop,2022
273,Easy On Me,Adele,30,85,12,https://open.spotify.com/track/46IZ0fSY2mpAiktS3KOqds,0.578,0.604,-7.519,0.13,0.366,0.133,141.981,FALSE,0,224695,"british soul, pop, pop soul, uk pop",pop,Pop,2022
274,Sacrifice,The Weeknd,Dawn FM,79,16,https://open.spotify.com/track/1nH2PkJL1XoUq8oE6tBZoU,0.0296,0.735,-6.523,0.905,0.795,0.0678,122,TRUE,3.18E-05,188918,"canadian contemporary r&b, canadian pop, pop",canadian pop,Pop,2022
275,Lift Me Up - From Black Panther: Wakanda Forever - Music From and Inspired By,Rihanna,Lift Me Up (From Black Panther: Wakanda Forever - Music From and Inspired By),80,2,https://open.spotify.com/track/35ovElsgyAtQwYPYnZJECg,0.899,0.247,-6.083,0.172,0.299,0.131,177.115,FALSE,0,196520,"barbadian pop, pop, urban contemporary",pop,Pop,2022
276,We Don't Talk About Bruno,Carolina Gaitán - La Gaita  & Mauro Castillo  & Adassa  & Rhenzy Feliz  & Diane Guerrero  & Stephanie Beatriz  & Encanto - Cast,Encanto (Original Motion Picture Soundtrack),78,44,https://open.spotify.com/track/52xJxFP6TqMuO4Yt0eOkMz,0.357,0.577,-8.516,0.83,0.45,0.111,205.863,FALSE,0,216120,movie tunes,movie tunes,Soundtrack,2022
277,BREAK MY SOUL,Beyoncé,BREAK MY SOUL,75,1,https://open.spotify.com/track/2KukL7UlQ8TdvpaA7bY3ZJ,0.0575,0.687,-5.04,0.853,0.887,0.27,114.941,FALSE,2.21E-06,278282,"pop, r&b",r&b,R&B,2022
278,Woman,Doja Cat,Planet Her,88,14,https://open.spotify.com/track/6Uj1ctrBOjOas8xZXGqKk4,0.0888,0.824,-4.175,0.881,0.764,0.117,107.998,TRUE,0.00294,172627,"dance pop, pop",pop,Pop,2022
279,PROVENZA,KAROL G,PROVENZA,83,1,https://open.spotify.com/track/7dSZ6zGTQx66c2GF91xCrb,0.656,0.87,-8.006,0.53,0.516,0.11,111.005,FALSE,0.00823,210200,"reggaeton, reggaeton colombiano, trap latino, urbano latino",reggaeton colombiano,Reggaeton,2022
280,Te Felicito,Shakira  & Rauw Alejandro,Te Felicito,86,1,https://open.spotify.com/track/2rurDawMfoKP4uHyb2kJBt,0.234,0.695,-4.654,0.575,0.636,0.081,174.14,FALSE,0,172235,"colombian pop, dance pop, latin pop, pop",dance pop,Pop,2022
281,Moscow Mule,Bad Bunny,Un Verano Sin Ti,88,23,https://open.spotify.com/track/6Xom58OOXk2SoU711L2IXO,0.294,0.804,-5.453,0.292,0.674,0.115,99.968,TRUE,1.18E-06,245940,"reggaeton, trap latino, urbano latino",trap latino,Hip-Hop,2022
282,Shut Down,BLACKPINK,BORN PINK,78,8,https://open.spotify.com/track/0ARKW62l9uWIDYMZTUmJHF,0.00412,0.82,-5.102,0.668,0.686,0.184,110.058,FALSE,0,175889,"k-pop, k-pop girl group, pop",k-pop girl group,K-Pop,2022
283,MAMIII,Becky G  & KAROL G,MAMIII,82,1,https://open.spotify.com/track/1ri9ZUkBJVFUdgwzCnfcYs,0.0934,0.843,-3.563,0.899,0.7,0.14,93.991,FALSE,0,226088,"latin pop, latin viral pop, rap latina, reggaeton, urbano latino",latin viral pop,Pop,2022
284,Sweetest Pie,Megan Thee Stallion  & Dua Lipa,Sweetest Pie,76,1,https://open.spotify.com/track/7mFj0LlWtEJaEigguaWqYh,0.167,0.814,-7.178,0.677,0.628,0.101,123.977,TRUE,0,201334,"houston rap, pop, rap, trap queen",pop,Pop,2022
285,Save Your Tears (Remix) (with Ariana Grande) - Bonus Track,The Weeknd  & Ariana Grande,After Hours (Deluxe),84,18,https://open.spotify.com/track/1oFAF1hdPOickyHgbuRjyX,0.0215,0.65,-4.645,0.593,0.825,0.0936,118.091,FALSE,2.44E-05,191014,"canadian contemporary r&b, canadian pop, pop",canadian pop,Pop,2022
286,Jimmy Cooks (feat. 21 Savage),Drake  & 21 Savage,"Honestly, Nevermind",91,14,https://open.spotify.com/track/3F5CgOj3wFlRv51JsHbxhe,0.000307,0.529,-4.711,0.366,0.673,0.093,165.921,TRUE,2.41E-06,218365,"canadian hip hop, canadian pop, hip hop, rap, toronto rap",canadian pop,Pop,2022
287,STAY (with Justin Bieber),The Kid LAROI  & Justin Bieber,F*CK LOVE 3: OVER YOU,29,29,https://open.spotify.com/track/5PjdY0CKGZdEuoNab3yDmX,0.0383,0.591,-5.484,0.478,0.764,0.103,169.928,TRUE,0,141806,australian hip hop,australian hip hop,Hip-Hop,2022
288,Oh My God,Adele,30,82,12,https://open.spotify.com/track/3Kkjo3cT83cw09VJyrLNwX,0.091,0.534,-3.906,0.55,0.725,0.0264,88.098,FALSE,0,225149,"british soul, pop, pop soul, uk pop",pop,Pop,2022
289,Out of Time,The Weeknd,Dawn FM,83,16,https://open.spotify.com/track/2SLwbpExuoBDZBpjfefCtV,0.255,0.65,-4.422,0.838,0.76,0.339,93.057,FALSE,0,214194,"canadian contemporary r&b, canadian pop, pop",canadian pop,Pop,2022
290,The Joker And The Queen (feat. Taylor Swift),Ed Sheeran  & Taylor Swift,The Joker And The Queen (feat. Taylor Swift),72,1,https://open.spotify.com/track/6N1K5OVVCopBjGViHs2IvP,0.924,0.528,-7.398,0.307,0.309,0.282,133.83,FALSE,2.10E-06,185422,"pop, singer-songwriter pop, uk pop",singer-songwriter pop,Pop,2022
291,I’m Tired (with Zendaya) - Bonus Track,Labrinth  & Zendaya,I’m Tired (with Zendaya) - Bonus Track,69,1,https://open.spotify.com/track/6LtHYDgYHRCHoKK3snfr2w,0.651,0.375,-10.624,0.192,0.133,0.0695,131.721,FALSE,0,187944,"indie poptimism, pop",pop,Pop,2022
292,When You're Gone,Shawn Mendes,When You're Gone,80,1,https://open.spotify.com/track/0U1W2LZVUX7qTm7dDpqxh6,0.0248,0.603,-5.805,0.577,0.691,0.583,147.148,FALSE,0,172267,"canadian pop, pop, viral pop",pop,Pop,2022
293,Notion,The Rare Occasions,Notion,84,1,https://open.spotify.com/track/0sTlGEld0h8kIPZaKDYUf4,0.0673,0.309,-3.825,0.312,0.883,0.0849,159.488,FALSE,0.00111,195121,la indie,la indie,Rock,2022
294,Light Switch,Charlie Puth,Light Switch,13,1,https://open.spotify.com/track/1BSMpVGWs3v5BZKnAQziAc,0.105,0.69,-5.693,0.912,0.626,0.0881,184.009,FALSE,0.000335,185681,"pop, viral pop",viral pop,Pop,2022
295,One Right Now (with The Weeknd),Post Malone  & The Weeknd,One Right Now,79,1,https://open.spotify.com/track/00Blm7zeNqgYLPtW6zg8cj,0.0361,0.687,-4.806,0.688,0.781,0.0755,97.014,TRUE,0,193507,"dfw rap, melodic rap, pop, rap",melodic rap,Hip-Hop,2022
296,Falling Back,Drake,"Honestly, Nevermind",67,14,https://open.spotify.com/track/1vbn9fEyw1IYhqgZJdu9ZB,0.238,0.718,-8.29,0.349,0.758,0.11,118.989,FALSE,0.00653,266179,"canadian hip hop, canadian pop, hip hop, rap, toronto rap",canadian pop,Pop,2022
297,N95,Kendrick Lamar,Mr. Morale & The Big Steppers,6,18,https://open.spotify.com/track/2FeBslNBMdR9V58uv6hd2t,0.377,0.79,-5.527,0.408,0.67,0.119,139.956,TRUE,2.32E-06,195950,"conscious hip hop, hip hop, rap, west coast rap",hip hop,Hip-Hop,2022
298,Nail Tech,Jack Harlow,Nail Tech,71,2,https://open.spotify.com/track/62Yo3FDddWY8ydu6PW2wyz,0.00508,0.677,-8.409,0.1,0.557,0.0984,150.127,TRUE,8.36E-06,206385,"deep underground hip hop, kentucky hip hop, pop rap, rap",kentucky hip hop,Hip-Hop,2022
299,WAIT FOR U (feat. Drake & Tems),Future  & Drake  & Tems,I NEVER LIKED YOU,88,16,https://open.spotify.com/track/59nOXPmaKlBfGMDeOVGrIK,0.314,0.463,-4.474,0.339,0.642,0.0686,83.389,TRUE,0,189893,"atl hip hop, hip hop, rap, southern hip hop, trap",hip hop,Hip-Hop,2022
300,Honest (feat. Don Toliver),Justin Bieber  & Don Toliver,Honest,70,1,https://open.spotify.com/track/2KdKh9vHbKW0tZLqtpxxI0,0.127,0.81,-6.779,0.809,0.655,0.105,150.002,TRUE,8.16E-05,193322,"canadian pop, pop",pop,Pop,2022
301,Infinity,Jaymes Young,Feel Something,85,12,https://open.spotify.com/track/1SOClUWhOi8vHZYMz3GluK,0.148,0.671,-6.941,0.494,0.673,0.304,121.963,FALSE,5.29E-05,237720,indie poptimism,indie poptimism,Rock,2022
302,Fingers Crossed,Lauren Spencer Smith,Fingers Crossed,3,1,https://open.spotify.com/track/5S9Zs5g9lTWnLIboN1pdlU,0.616,0.603,-7.23,0.446,0.473,0.31,109.494,FALSE,0,175345,"alt z, gen z singer-songwriter",gen z singer-songwriter,Pop,2022
303,TV,Billie Eilish,Guitar Songs,87,2,https://open.spotify.com/track/3GYlZ7tbxLOxe6ewMNVTkw,0.83,0.412,-15.159,0.119,0.236,0.147,140.214,FALSE,0.00653,281381,"art pop, electropop, pop",electropop,Pop,2022
304,she's all i wanna be,Tate McRae,she's all i wanna be,75,1,https://open.spotify.com/track/0IuVhCflrQPMGRrOyoY5RW,0.0134,0.614,-5.372,0.651,0.644,0.117,160.036,FALSE,7.07E-06,206772,"alt z, pop",pop,Pop,2022
305,Evergreen (You Didn’t Deserve Me At All),Omar Apollo,Ivory,81,16,https://open.spotify.com/track/2TktkzfozZifbQhXjT6I33,0.598,0.697,-10.395,0.31,0.336,0.107,82.029,FALSE,0.00528,216680,"bedroom pop, bedroom soul",bedroom soul,Soul,2022
306,Yet To Come,BTS,Proof,79,35,https://open.spotify.com/track/10SRMwb9EuVS1K9rYsBfHQ,0.0432,0.559,-4.515,0.683,0.885,0.333,172.029,FALSE,0,193594,"k-pop, k-pop boy group, pop",k-pop boy group,K-Pop,2022
307,Vegas (From the Original Motion Picture Soundtrack ELVIS),Doja Cat,Vegas (From the Original Motion Picture Soundtrack ELVIS),83,1,https://open.spotify.com/track/0hquQWY3xvYqN4qtiquniF,0.0777,0.801,-7.574,0.74,0.601,0.145,159.969,TRUE,3.23E-05,182907,"dance pop, pop",pop,Pop,2022
308,Desesperados,Rauw Alejandro  & Chencho Corleone,VICE VERSA,84,14,https://open.spotify.com/track/6mmPpaltUZK7xjNlBPQQ0p,0.356,0.869,-3.35,0.511,0.694,0.0878,90.02,TRUE,0.00125,224997,"puerto rican pop, reggaeton, trap latino, urbano latino",reggaeton,Reggaeton,2022
309,Una Noche en Medellín,Cris Mj,Una Noche en Medellín,87,1,https://open.spotify.com/track/1O2pcBJGej0pmH2Y9XZMs6,0.0924,0.87,-5.253,0.832,0.548,0.0534,96.018,TRUE,4.60E-05,153750,"mambo chileno, urbano chileno",urbano chileno,Hip-Hop,2022
310,The Heart Part 5,Kendrick Lamar,The Heart Part 5,64,1,https://open.spotify.com/track/5MMW4CZsZiZt2iuqAXzzWC,0.183,0.7,-8.128,0.801,0.812,0.0756,97.405,TRUE,0,332229,"conscious hip hop, hip hop, rap, west coast rap",hip hop,Hip-Hop,2022
311,ALIEN SUPERSTAR,Beyoncé,RENAISSANCE,82,16,https://open.spotify.com/track/1Hohk6AufHZOrrhMXZppax,0.00453,0.545,-6.398,0.464,0.641,0.171,121.892,TRUE,6.59E-05,215460,"pop, r&b",r&b,R&B,2022
312,It'll Be Okay,Shawn Mendes,It'll Be Okay,78,1,https://open.spotify.com/track/2KnLkZ3z7PO3kgVGHGqDpD,0.616,0.398,-11.881,0.0666,0.286,0.0912,78.262,FALSE,0.000146,222800,"canadian pop, pop, viral pop",pop,Pop,2022
313,SKIN OF MY TEETH,Demi Lovato,SKIN OF MY TEETH,50,1,https://open.spotify.com/track/1O9AseW10CTi6nBLoj0O6K,1.29E-05,0.458,-2.308,0.478,0.947,0.179,130.941,TRUE,0,162516,"pop, post-teen pop",post-teen pop,Pop,2022
314,Late To Da Party (F*CK BET) (feat. YoungBoy Never Broke Again),Lil Nas X  & YoungBoy Never Broke Again,Late To Da Party (F*CK BET) (feat. YoungBoy Never Broke Again),64,1,https://open.spotify.com/track/3GbQcjKWT7eVpUfzqwUjxv,0.0254,0.872,-7.415,0.778,0.422,0.109,149.956,TRUE,0,180666,lgbtq+ hip hop,lgbtq+ hip hop,Hip-Hop,2022
315,Massive,Drake,"Honestly, Nevermind",76,14,https://open.spotify.com/track/28JBD8p18xNuOfyV7Cotdn,0.114,0.499,-6.774,0.0557,0.671,0.148,124.994,FALSE,0.0169,336924,"canadian hip hop, canadian pop, hip hop, rap, toronto rap",canadian pop,Pop,2022
316,Sunroof,Nicky Youre  & dazy,Sunroof,35,1,https://open.spotify.com/track/3RfTeIrWS8LNrfHYwechtt,0.35,0.768,-5.11,0.841,0.716,0.15,131.43,FALSE,0,163026,singer-songwriter pop,singer-songwriter pop,Pop,2022
317,SUMMER RENAISSANCE,Beyoncé,RENAISSANCE,76,16,https://open.spotify.com/track/3HyR1j49TY5ACP2lseF1jx,0.0843,0.674,-9.593,0.208,0.625,0.11,120.004,TRUE,0.0015,273998,"pop, r&b",r&b,R&B,2022
318,Ojitos Lindos,Bad Bunny  & Bomba Estéreo,Un Verano Sin Ti,91,23,https://open.spotify.com/track/3k3NWokhRRkEPhCzPmV8TW,0.08,0.647,-5.745,0.268,0.686,0.528,79.928,FALSE,1.34E-06,258299,"reggaeton, trap latino, urbano latino",trap latino,Hip-Hop,2022
319,29,Demi Lovato,29,62,1,https://open.spotify.com/track/3gXWe15nwrjfhjYQ5RqLx7,0.00507,0.322,-3.812,0.288,0.698,0.249,183.963,TRUE,0,163028,"pop, post-teen pop",post-teen pop,Pop,2022
320,I'm Good (Blue),David Guetta  & Bebe Rexha,I'm Good (Blue),95,2,https://open.spotify.com/track/4uUG5RXrOk84mYEfFvj3cK,0.00383,0.561,-3.673,0.304,0.965,0.371,128.04,TRUE,7.07E-06,175238,"big room, dance pop, edm, pop, pop dance",dance pop,Pop,2022
321,Forget Me,Lewis Capaldi,Forget Me,64,1,https://open.spotify.com/track/5uSFGgIfHMT3osrAd9n9ym,0.296,0.669,-3.518,0.716,0.742,0.355,101.982,FALSE,0,203472,"pop, uk pop",uk pop,Pop,2022
322,Hold Me Closer,Elton John  & Britney Spears,Hold Me Closer,82,1,https://open.spotify.com/track/72yP0DUlWPyH8P7IoxskwN,0.0746,0.667,-4.602,0.486,0.75,0.197,126.041,FALSE,0.000198,202246,"glam rock, mellow gold, piano rock, rock",mellow gold,Pop,2022
323,Calm Down (with Selena Gomez),Rema  & Selena Gomez,Calm Down (with Selena Gomez),94,1,https://open.spotify.com/track/0WtM2NBVQNNJLh6scP13H8,0.382,0.801,-5.206,0.802,0.806,0.114,106.999,FALSE,0.000669,239318,"afrobeats, nigerian pop",nigerian pop,Pop,2022
324,Snow On The Beach (feat. Lana Del Rey),Taylor Swift  & Lana Del Rey,Midnights,82,13,https://open.spotify.com/track/1wtOxkiel43cVs0Yux5Q4h,0.69,0.663,-13.481,0.193,0.319,0.117,109.957,TRUE,0.000993,256124,pop,pop,Pop,2022
325,La Bachata,Manuel Turizo,La Bachata,90,1,https://open.spotify.com/track/5ww2BF9slyYgNOk37BlC4u,0.583,0.835,-5.329,0.85,0.679,0.218,124.98,FALSE,1.98E-06,162638,"colombian pop, reggaeton, reggaeton colombiano, trap latino, urbano latino",reggaeton,Reggaeton,2022
326,SNAP,Rosa Linn,SNAP PACK,6,5,https://open.spotify.com/track/6zJejIfVYLgjud3lTk4DLB,0.107,0.565,-8.198,0.525,0.636,0.447,170.01,FALSE,9.90E-06,179551,alt z,alt z,Hip-Hop,2022
327,Shirt,SZA,Shirt,75,1,https://open.spotify.com/track/34ZAzO78a5DAVNrYIGWcPm,0.146,0.824,-9.604,0.552,0.453,0.0896,119.959,TRUE,0.0273,181831,"pop, r&b, rap",r&b,R&B,2022
328,Until I Found You,Stephen Sanchez,Until I Found You,86,1,https://open.spotify.com/track/0T5iIrXA4p5GsubkhuBIKV,0.727,0.539,-6.05,0.227,0.508,0.174,101.358,FALSE,0,177720,gen z singer-songwriter,gen z singer-songwriter,Pop,2022
329,Made You Look,Meghan Trainor,Takin' It Back,88,16,https://open.spotify.com/track/0QHEIqNKsMoOY5urbzN48u,0.345,0.838,-3.562,0.884,0.525,0.0771,144.981,FALSE,1.92E-06,134256,"hip pop, pop",pop,Pop,2022
330,Midnight Rain,Taylor Swift,Midnights,87,13,https://open.spotify.com/track/3rWDp9tBPQR9z6U5YyRSK4,0.69,0.643,-11.738,0.23,0.363,0.115,139.865,FALSE,5.17E-05,174783,pop,pop,Pop,2022
331,Under The Influence,Chris Brown,Indigo (Extended),91,42,https://open.spotify.com/track/5IgjP7X4th6nMNDh4akUHb,0.0635,0.733,-5.529,0.31,0.69,0.105,116.992,TRUE,1.18E-06,184613,"r&b, rap",rap,Hip-Hop,2022
332,Die Hard,Kendrick Lamar  & Blxst  & Amanda Reifer,Mr. Morale & The Big Steppers,81,19,https://open.spotify.com/track/2g6tReTlM2Akp41g0HaeXN,0.319,0.775,-8.072,0.362,0.736,0.127,100.988,TRUE,0.00116,239027,"conscious hip hop, hip hop, rap, west coast rap",hip hop,Hip-Hop,2022
333,Big Energy,Latto,777,71,13,https://open.spotify.com/track/4pi1G1x8tl9VfdD9bL3maT,0.0453,0.937,-4.431,0.794,0.793,0.341,106.022,TRUE,0,172540,trap queen,trap queen,Hip-Hop,2022
334,Doja,Central Cee,Doja,88,1,https://open.spotify.com/track/3LtpKP5abr2qqjunvjlX5i,0.38,0.911,-7.43,0.972,0.573,0.403,140.04,TRUE,0,97393,melodic drill,melodic drill,Hip-Hop,2022
335,pushin P (feat. Young Thug),Gunna  & Future  & Young Thug,DS4EVER,78,20,https://open.spotify.com/track/3XOalgusokruzA5ZBA2Qcb,0.00783,0.773,-4.572,0.488,0.422,0.129,77.502,TRUE,0.00693,136267,"atl hip hop, melodic rap, rap, trap",melodic rap,Hip-Hop,2022
336,Thousand Miles,The Kid LAROI,Thousand Miles,79,1,https://open.spotify.com/track/1r8ZCjfrQxoy2wVaBUbpwg,0.0858,0.376,-4.658,0.203,0.657,0.0884,80.565,TRUE,0,164782,australian hip hop,australian hip hop,Hip-Hop,2022
